"waterbody","date","year","town","latitude","longitude","state","data_source","mult_survey","surfacearea_ha","shoreline_development","depth_max_m","FP_presence","FPcover_avg","FPcover_low_est","FPcover_max","FPcover_min","azolla","eichhornia_crassipes","lemna_minor","lemna_trisulca","lemna_valdiviana","riccia","spirodela_polyrhiza","wolffia","wolffia_borealis","wolffia_brasiliensis","allplant_species_richness","FP_species_richness","nonFP_species_richness","TOTP_n","TOTP_avg","TOTP_SE","PH_n","PH_avg","PH_SE","COND_n","COND_avg","COND_SE","DO_n","DO_avg","DO_SE","TEMP_n","TEMP_avg","TEMP_SE","ALK_n","ALK_avg","ALK_SE","secchi_n","secchi_avg","secchi_SE","alisma","alisma_subcordatum","brasenia","cabomba","callitriche","callitriche_verna","callitriche_hetero","callitriche_stag","cardamine","ceratophyllum_dem","ceratophyllum_echin","charphyte","decodon","egeria","elatine","elatine_ameri","elatine_minima","elatine_triandra","eleocharis","eleocharis_acic","eleocharis_ellip","ellocharis_parv","elodea_canad","elodea_nutt","eriocaulon_aqua","fil_algae","glossostigma","gratiola","hydrilla","isoetes","isoetes_acad","isoetes_eaton","isoetes_echino","isoetes_engel","isoetes_lacus","isoetes_tuck","juncus","juncus_pelo","lobelia","ludwigia","ludwigia_dub","ludwigia_lac","ludwigia_pal","marsilea","megalodonta","myosotis","myriophyllum","myriophyllum_alt","myriophyllum_aqua","myriophyllum_hetero","myriophyllum_hetero_lax","myriophyllum_hum","myriophyllum_ten","myriophyllum_sibi","myriophyllum_spic","najas_flex","najas_grac","najas_guad","najas_minor","nasturtium","nelumbo","nuphar","nymphaea_odor","nymphaea_odor_odor","nymphaea_odor_tuber","nymphoides","nymphoides_cordata","nymphoides_pelt","peltandra","phragmites","polygonum","polygonum_amphi","polygonum_hydro","pontederia","potamogeton","potamogeton_ampli","potamogeton_berch","potamogeton_biculp","potamogeton_conferv","potamogeton_crispus","potamogeton_epi","potamogeton_foli","potamogeton_frie","potamogeton_grami","potamogeton_ilino","potamogeton_ilino_hybrid","potamogeton_natans","potamogeton_nodos","potamogeton_oakes","potamogeton_palus","potamogeton_perfo","potamogeton_pulch","potamogeton_pusil","potamogeton_prael","potamogeton_rich","potamogeton_robb","potamogeton_spir","potamogeton_vase","potamogeton_zost","proserpinaca","ranunculus","sagittaria","sagittaria_gram","sagittaria_lati","schoenoplectus","sparganium","sparganium_ameri","stuckenia","trapa","typha","typha_latif","sedge","utricularia","utricularia_gemi","utricularia_gibb","utricularia_inter","utricularia_macro","utricularia_mini","utricularia_mino","utricularia_purp","utricularia_radi","utricularia_subu","utricularia_vulg","vallisneria","zannichellia","zosterella"
"4H Camp Pond","7/23/2009","2009","Marlborough",41.5904,72.4266,"CT","CAES","N",0.36,1.04,3,"N",0,0,0,0,0,0,0,0,0,0,0,0,0,0,0,0,0,2,0.0165,0.0045,2,6.15,0.15,2,91.65,1.55,1,8.9,NA,1,22.5,NA,2,10.9,0.4,1,1.5,NA,0,0,0,0,0,0,0,0,0,0,0,0,0,0,0,0,0,0,0,0,0,0,0,0,0,0,0,0,0,0,0,0,0,0,0,0,0,0,0,0,0,0,0,0,0,0,0,0,0,0,0,0,0,0,0,0,0,0,0,0,0,0,0,0,0,0,0,0,0,0,0,0,0,0,0,0,0,0,0,0,0,0,0,0,0,0,0,0,0,0,0,0,0,0,0,0,0,0,0,0,0,0,0,0,0,0,0,0,0,0,0,0,0,0,0,0,0,0,0,0,0,0,0,0,0,0
"Alexander Lake","7/13/2005","2005","Killingly",41.8607,71.8991,"CT","CAES","N",87.01,1.822,15.545,"N",0,0,0,0,0,0,0,0,0,0,0,0,0,0,19,0,19,2,0.028,0.006,2,5.7,0.2,2,30.25,1.75,1,7.7,NA,1,24.6,NA,2,5.25,1.5,1,5.8,NA,0,0,1,0,0,0,0,0,0,0,0,0,0,0,1,0,0,0,0,1,0,0,0,0,1,0,1,1,0,0,1,0,0,0,0,0,0,0,1,0,0,0,0,0,0,0,0,0,0,0,0,1,1,0,0,0,0,1,0,0,0,1,1,0,0,0,0,0,0,0,0,0,0,0,0,0,0,1,0,0,1,0,0,0,0,0,0,0,0,0,0,0,1,0,0,0,0,0,0,0,0,1,0,0,0,0,0,0,0,0,0,0,0,0,0,0,0,0,0,0,0,0,1,1,0,0
"Amos Lake","combined","comb","Preston",41.5147,71.9742,"CT","CAES","Y",45.73,1.707,14,"N",0,0,0,0,0,0,0,0,0,0,0,0,0,0,33,0,33,2,0.0222,0.0072,2,6.73,0.33,2,116.5,0.5,2,8,0.4,2,25.05,5.45,2,40.1,19.85,2,1.65,0.65,0,0,1,0,1,0,0,0,0,1,0,0,1,0,1,0,0,0,1,0,0,0,0,0,0,0,1,1,0,1,0,0,0,0,0,0,0,0,0,1,0,0,0,0,0,0,0,0,0,1,1,0,1,0,0,1,0,0,0,0,0,1,1,0,0,0,1,0,1,1,0,0,0,1,0,0,0,1,0,0,1,1,0,1,0,0,0,0,0,0,0,1,0,0,0,1,0,0,0,0,0,1,0,0,0,0,0,0,0,1,0,0,0,0,1,0,1,0,0,1,0,0,1,1,0,0
"Amston Lake","8/22/2006","2006","Hebron, Lebanon, Colchester",41.6265,72.3307,"CT","CAES","N",75.68,1.777,7.925,"N",0,0,0,0,0,0,0,0,0,0,0,0,0,0,16,0,16,2,0.053,0.044,2,6.7,0,2,67.85,1.75,1,6.3,NA,1,26,NA,2,13.85,3.05,1,3.5,NA,0,0,1,0,0,0,0,0,0,0,1,1,0,0,0,0,1,0,0,1,0,0,0,1,1,1,0,0,0,0,0,0,0,0,0,0,0,0,0,0,0,0,0,0,0,0,0,0,0,0,0,0,1,0,0,1,0,0,0,0,0,1,1,0,0,0,0,0,0,0,0,0,0,1,0,1,0,1,0,0,0,0,0,0,0,0,1,0,0,0,0,0,0,0,0,0,0,0,0,0,0,0,0,0,0,0,0,0,0,0,0,0,0,0,0,0,0,0,0,0,0,0,0,0,0,0
"Anderson Pond","8/24/2012","2012","North Stonington",41.5083,71.8954,"CT","CAES","Y",22.91,1.924,2.286,"N",0,0,0,0,0,0,0,0,0,0,0,0,0,0,29,0,29,2,0.0998,0.0675,2,6.15,0.15,2,59.5,1.5,1,8.5,NA,1,24.3,NA,2,9.8,0,NA,1.3,NA,0,0,1,1,1,0,0,0,0,0,1,0,0,0,1,0,0,0,1,0,0,0,1,0,1,0,0,1,0,1,0,0,0,0,0,0,0,0,0,1,0,0,0,0,0,0,0,0,0,1,0,0,0,0,0,1,0,0,1,0,0,1,1,0,0,0,1,0,0,0,0,0,0,1,0,0,0,1,0,0,1,1,0,0,0,0,1,0,0,0,0,1,1,0,0,0,0,0,0,0,0,0,0,0,0,0,0,0,0,0,0,0,0,0,1,0,1,0,0,1,1,0,0,1,0,0
"Andover Lake","8/14/2008","2008","Andover",41.7221,72.3592,"CT","CAES","N",63.54,1.619,3,"N",0,0,0,0,0,0,0,0,0,0,0,0,0,0,13,0,13,2,0.013,0.012,2,6.3,0.1,2,76.65,0.35,1,5.9,NA,1,25.3,NA,2,13.4,0.6,1,2,NA,0,0,0,0,0,0,0,0,0,0,0,0,0,0,0,0,1,0,1,0,0,0,0,1,0,0,0,0,0,0,0,0,1,0,0,0,0,0,0,0,0,0,1,0,0,0,0,0,0,0,0,1,0,0,0,0,0,0,0,0,0,1,0,0,0,0,0,0,0,0,0,0,0,1,0,0,0,0,0,0,0,0,0,0,0,0,0,0,0,0,0,0,1,0,0,0,0,0,0,0,0,0,0,0,0,1,0,0,0,0,0,0,0,0,1,0,0,0,0,0,1,0,0,1,0,0
"Angus Park Pond","8/4/2005","2005","Glastonbury",41.693,72.5318,"CT","CAES","N",3.8,1.573,1.2,"Y",0.1857,0.2616,0.2616,0.1099,0,0,1,0,0,0,1,0,0,0,12,2,10,2,0.039,0.019,2,6.2,0,2,126.5,2.5,1,6.6,NA,1,23.9,NA,2,30.75,0,1,1.2,NA,0,0,0,0,0,0,1,0,0,0,1,0,0,0,0,0,0,0,0,0,0,0,0,1,0,0,0,1,0,0,0,0,0,0,0,0,0,0,0,0,0,0,1,0,0,0,0,0,0,0,0,0,0,0,0,0,0,0,0,0,0,1,1,0,0,0,0,0,0,0,0,0,0,0,0,0,0,0,0,0,1,0,0,0,0,0,0,0,0,0,0,0,0,0,0,0,0,0,0,0,1,0,0,0,0,1,0,0,0,0,0,0,0,0,0,0,0,0,0,0,0,0,0,0,0,0
"Anni's Pond (Kleman's Dam)","6/20/2011","2011","Bethany",41.4551,72.995,"CT","CAES","N",2.19,1.293,3.5,"Y",0.0014,0.0014,0.0014,0.0014,0,0,1,0,0,0,0,0,0,0,19,1,18,2,0.0195,5e-04,2,5.95,0.05,2,129.5,3.5,1,5.2,NA,1,23.6,NA,2,131.25,3.75,1,2,NA,0,0,1,0,1,0,0,0,0,1,0,0,0,0,1,0,0,0,1,0,0,0,0,0,0,0,0,0,0,0,0,0,0,0,0,0,0,0,0,0,0,0,1,0,0,0,0,0,0,0,0,1,0,0,0,0,1,0,0,0,0,1,1,0,0,0,0,0,0,0,0,0,0,1,0,0,0,1,0,0,1,1,0,0,0,0,0,0,0,0,0,0,0,0,0,1,0,0,0,0,0,1,0,0,0,1,0,0,0,0,0,0,0,0,1,0,0,0,0,0,0,0,0,0,0,0
"Ashford Lake","7/12/2006","2006","Ashford",41.9005,72.1277,"CT","CAES","N",21.45,1.421,3.658,"N",0,0,0,0,0,0,0,0,0,0,0,0,0,0,8,0,8,2,0.0075,0.0065,2,6.2,0,2,93,0,1,7.8,NA,1,26.4,NA,2,6,2,1,1.1,NA,0,0,1,0,0,0,0,0,0,0,0,0,0,0,0,0,0,0,0,1,0,0,0,0,0,0,0,0,0,1,0,0,0,0,0,0,0,0,0,0,0,0,0,0,0,0,0,0,0,0,0,0,0,0,0,1,0,0,0,0,0,1,0,0,0,0,0,0,0,0,0,0,0,0,0,0,0,0,0,0,0,1,0,0,0,0,0,0,0,0,0,0,0,0,0,0,0,0,0,0,0,0,0,0,0,1,0,0,0,0,0,0,0,0,0,0,0,0,0,0,1,0,0,0,0,0
"Avery Pond","9/30/2005","2005","Preston",41.4931,71.9797,"CT","CAES","N",10.4,1.164,2,"N",0,0,0,0,0,0,0,0,0,0,0,0,0,0,3,0,3,2,0.084,0.017,2,5.8,0.2,2,114,3,1,7.4,NA,1,19.5,NA,2,27.25,1.25,1,1.2,NA,0,0,0,0,0,0,0,0,0,0,0,0,0,0,0,0,0,0,0,0,0,0,0,0,0,0,0,0,0,0,0,0,0,0,0,0,0,0,0,0,0,0,0,0,0,0,0,0,0,0,0,0,0,0,0,0,0,0,0,0,0,1,1,0,0,0,0,0,0,0,0,0,0,0,0,0,0,0,0,0,0,0,0,0,0,0,0,0,0,0,0,0,0,0,0,1,0,0,0,0,0,0,0,0,0,0,0,0,0,0,0,0,0,0,0,0,0,0,0,0,0,0,0,0,0,0
"Ball Pond","8/17/2005","2005","New Fairfield",41.4626,73.5238,"CT","CAES","N",33.39,1.449,15.545,"Y",0.005,0.005,0.005,0.005,0,0,1,0,0,0,0,0,0,0,10,1,9,2,0.1845,0.1515,2,6.95,0.65,2,262.5,5.5,1,8.3,NA,1,27.2,NA,2,58.13,0.375,1,2,NA,0,0,0,0,0,0,0,0,0,1,0,0,0,0,0,0,0,0,0,0,0,0,0,0,0,0,0,0,0,0,0,0,0,0,0,0,0,0,0,0,0,0,0,0,0,0,0,0,0,0,0,0,0,0,1,0,0,1,1,0,0,1,1,0,0,0,0,0,0,0,0,0,0,0,0,0,0,0,0,0,0,0,0,1,0,0,0,0,1,0,0,0,1,0,0,0,0,0,0,0,0,0,0,0,0,0,0,0,0,0,0,0,0,0,0,0,0,0,0,0,0,0,0,0,0,0
"Bantam Pond (Timber Lake)","9/27/2005","2005","Torrington",41.7922,73.1946,"CT","CAES","N",10,1.687,2,"N",0,0,0,0,0,0,0,0,0,0,0,0,0,0,11,0,11,2,0.0565,0.0025,2,6.8,0,2,144,0,1,6.4,NA,1,18.5,NA,2,56.25,0.75,1,1.4,NA,0,0,1,1,0,0,0,0,0,1,0,0,0,0,0,0,0,0,0,0,0,0,0,1,0,0,0,0,0,0,0,0,0,0,0,0,0,0,0,0,0,0,0,0,0,0,0,0,0,0,0,0,0,0,0,0,0,0,0,0,0,0,1,0,0,0,0,0,0,0,0,1,0,0,0,1,0,0,0,0,0,0,0,0,0,0,1,0,0,0,0,0,1,0,0,0,0,0,1,0,0,0,0,0,0,0,0,0,0,0,0,0,0,0,0,0,0,0,0,0,0,0,1,0,0,0
"Basserman Pond","6/25/2009","2009","Branford",41.5904,72.4266,"CT","CAES","N",0.04,1.385,3,"N",0,0,0,0,0,0,0,0,0,0,0,0,0,0,2,0,2,2,0.0295,0.0045,2,6.35,0.05,2,223.5,44.5,1,4.2,NA,1,17.3,NA,2,69.4,13.9,1,1,NA,0,0,0,0,0,0,0,0,0,0,0,0,0,0,0,0,0,0,0,0,0,0,0,0,0,0,0,0,0,0,0,0,0,0,0,0,0,0,0,0,0,0,0,0,0,0,0,0,1,0,0,0,0,0,0,0,0,0,0,0,0,0,0,0,0,0,0,0,0,0,0,0,0,0,0,0,0,0,0,0,0,0,0,0,0,0,0,0,0,0,0,0,0,0,0,0,0,0,0,0,0,1,0,0,0,0,0,0,0,0,0,0,0,0,0,0,0,0,0,0,0,0,0,0,0,0
"Beach Pond","7/31/2008","2008","Voluntown, Exeter, RI",41.576,71.789,"CT","CAES","N",150.54,1.886,14.5,"N",0,0,0,0,0,0,0,0,0,0,0,0,0,0,16,0,16,2,0.0125,0.0055,2,5.6,0.1,2,42.4,1.4,1,7.9,NA,1,26.6,NA,2,1.75,0.25,1,5,NA,0,0,0,0,0,0,0,0,0,0,0,0,0,0,0,0,1,0,1,0,0,0,0,0,0,0,0,1,0,1,0,0,0,0,0,0,0,0,0,0,0,0,0,0,0,0,0,0,0,0,0,1,1,0,0,0,0,0,0,0,0,0,1,0,0,0,0,0,0,0,0,0,0,0,0,0,0,1,0,0,0,0,0,0,0,0,0,0,0,0,0,0,0,0,0,0,0,0,0,0,0,1,0,0,0,1,0,0,0,0,0,1,0,0,1,0,0,0,1,1,1,0,1,0,0,0
"Beaver Dam Lake","7/22/2009","2009","Stratford ",41.2506,73.1408,"CT","CAES","N",23.39,1.935,12,"N",0,0,0,0,0,0,0,0,0,0,0,0,0,0,9,0,9,2,0.0165,0.0115,2,6.6,0.5,2,245,34,1,8.1,NA,1,25.5,NA,2,32.3,10.5,1,2,NA,0,0,0,0,0,0,0,0,0,0,0,0,0,0,0,1,0,0,0,0,0,0,0,1,0,0,0,0,0,0,0,0,0,0,0,0,0,0,0,0,0,0,0,0,0,0,0,0,0,0,0,0,0,0,0,0,0,0,1,0,0,0,1,0,0,0,0,0,0,0,0,0,0,1,0,0,0,0,0,0,0,0,0,0,0,0,0,0,0,0,1,0,1,0,0,0,0,0,0,0,0,1,0,0,0,0,0,0,0,0,0,0,0,0,0,0,0,0,0,0,0,0,0,1,0,0
"Beaver Pond","7/31/2013","2013","Meriden",41.5686,72.7869,"CT","CAES","N",12.23,1.362,3,"Y",0.0024,0.0024,0.0024,0.0024,0,0,1,0,0,0,1,0,0,0,15,2,13,2,0.0476,0.0364,2,7.5,1,2,318.5,57.5,1,10.8,NA,1,28,NA,2,89.25,27,2,NA,NA,0,0,0,0,0,0,0,0,0,1,0,0,1,0,0,0,0,0,0,0,0,0,1,1,0,0,0,0,0,0,0,0,0,0,0,0,0,0,0,0,0,0,0,0,0,0,0,0,0,0,0,0,0,0,1,0,0,0,0,0,0,1,1,0,0,0,0,0,0,0,0,0,0,1,0,1,0,0,0,0,0,0,0,0,0,0,0,0,0,0,0,0,1,0,0,1,0,0,0,0,0,0,0,0,0,0,0,0,0,1,0,0,0,0,0,0,0,0,0,0,0,0,0,0,0,1
"Beeslick Lake","6/27/2012","2012","Salisbury",41.9242,73.4341,"CT","CAES","N",10.93,1.169,4.65,"Y",6e-04,6e-04,6e-04,6e-04,0,0,1,0,0,0,1,0,0,0,13,2,11,NA,NA,NA,NA,NA,NA,NA,NA,NA,1,10.6,NA,1,25.5,NA,NA,NA,NA,1,1.3,NA,0,0,0,0,0,0,0,0,0,1,0,0,0,0,0,0,0,0,0,0,0,0,1,0,0,0,0,0,0,0,0,0,0,0,0,0,0,0,0,0,0,0,0,0,0,0,0,0,0,0,0,0,0,1,0,0,0,0,0,0,0,1,1,0,0,0,0,0,0,0,0,0,0,0,0,0,0,0,0,1,0,1,0,0,0,0,1,0,0,0,0,0,0,0,0,0,0,0,0,0,0,0,0,0,0,0,0,1,1,0,0,0,0,0,0,0,0,0,0,0,0,0,1,0,0,0
"Beseck Lake","6/28/2011","2011","Middletown",41.3014,72.4317,"CT","CAES","Y",45.73,1.621,7.315,"Y",4e-04,4e-04,4e-04,4e-04,0,0,1,0,0,0,0,1,0,0,19,2,17,2,0.0235,0.0145,2,7.4,1,2,134,4,1,10.7,NA,1,25.7,NA,2,50.25,23.25,NA,3,NA,0,0,0,0,1,0,0,0,0,1,0,0,0,0,0,0,1,0,0,0,0,0,0,1,0,0,0,0,0,0,0,0,0,0,0,0,0,0,0,0,0,0,0,0,0,0,0,0,0,0,0,0,0,0,1,1,1,0,1,0,0,0,0,0,0,0,0,0,0,0,0,0,0,0,0,0,1,1,0,1,0,0,0,0,0,0,0,0,0,0,1,0,0,0,0,0,0,0,1,0,0,1,0,0,0,1,0,0,0,0,0,0,0,0,0,0,0,0,0,0,0,0,0,1,1,0
"Bigelow Pond","7/14/2005","2005","Union",41.9927,72.1309,"CT","CAES","N",10.12,1.929,4.69,"N",0,0,0,0,0,0,0,0,0,0,0,0,0,0,21,0,21,2,0.0365,0.0255,2,5.95,0.15,2,67.85,8.65,1,7.2,NA,1,25.3,NA,2,10.5,5.25,1,2.5,NA,0,0,1,0,0,0,0,0,0,0,0,1,0,0,0,0,0,0,0,1,0,0,0,1,1,0,0,0,0,1,0,0,0,0,0,0,0,0,0,0,0,0,1,0,0,0,0,0,0,0,0,1,0,0,0,1,0,0,0,0,0,1,1,0,0,0,0,0,0,0,0,0,0,0,0,0,0,1,0,0,1,0,0,1,0,0,0,0,0,0,0,0,0,0,0,0,0,0,0,0,0,1,0,0,0,0,0,0,0,0,0,1,0,1,1,0,0,0,0,1,1,0,1,0,0,0
"Billings Lake","9/22/2005","2005","North Stonington",41.5076,71.8732,"CT","CAES","N",39.42,1.797,10.058,"N",0,0,0,0,0,0,0,0,0,0,0,0,0,0,18,0,18,2,0.0035,5e-04,2,5.75,0.25,2,38,0,1,7.8,NA,1,24.1,NA,2,4.88,1.125,1,5.4,NA,0,0,1,1,0,0,0,0,0,0,0,0,0,0,1,0,0,0,0,1,0,0,0,0,1,0,0,1,0,1,0,0,0,0,0,0,0,1,0,0,0,0,0,0,0,0,0,0,0,1,0,0,0,0,0,0,0,1,0,0,0,1,1,0,0,0,1,0,0,0,0,0,0,0,0,0,0,1,0,0,0,0,0,0,0,0,0,0,0,0,0,1,0,0,0,1,0,0,0,0,0,0,0,0,0,0,0,0,0,0,0,0,0,0,0,0,0,0,0,1,1,0,0,0,0,0
"Birch Pond","9/1/2005","2005","Darien",41.0906,73.4637,"CT","CAES","Y",0.27,1.121,1,"Y",0.1515,0.1987,0.1987,0.1043,0,0,1,0,0,0,0,0,0,0,1,1,0,2,0.3475,0.0135,2,6.2,0,2,171,4,1,3.1,NA,1,24.1,NA,2,46.88,4.875,NA,0.4,NA,0,0,0,0,0,0,0,0,0,0,0,0,0,0,0,0,0,0,0,0,0,0,0,0,0,0,0,0,0,0,0,0,0,0,0,0,0,0,0,0,0,0,0,0,0,0,0,0,0,0,0,0,0,0,0,0,0,0,0,0,0,0,0,0,0,0,0,0,0,0,0,0,0,0,0,0,0,0,0,0,0,0,0,0,0,0,0,0,0,0,0,0,0,0,0,0,0,0,0,0,0,0,0,0,0,0,0,0,0,0,0,0,0,0,0,0,0,0,0,0,0,0,0,0,0,0
"Bissonette Pond","8/28/2006","2006","Willington",41.9231,72.2191,"CT","CAES","N",19.63,1.496,2,"N",0,0,0,0,0,0,0,0,0,0,0,0,0,0,20,0,20,2,0.033,0.007,2,6.75,0.05,2,80.55,0.85,1,5.7,NA,1,20.9,NA,2,13,5,1,1,NA,0,0,1,0,0,0,0,0,0,0,0,1,0,0,0,0,0,0,0,1,0,0,0,0,1,0,0,0,0,0,0,0,0,0,0,0,0,0,0,0,0,0,1,0,0,0,0,0,0,0,0,0,0,0,0,1,0,0,0,0,0,1,1,0,0,0,0,0,0,0,0,0,0,0,0,1,0,0,0,0,1,0,0,0,0,0,1,0,0,0,1,0,1,0,0,0,0,0,0,1,0,0,0,0,0,0,1,0,0,0,0,1,0,0,1,1,0,0,0,0,1,0,1,0,0,0
"Black Hall Pond","8/18/2005","2005","Old Lyme",41.3456,72.2983,"CT","CAES","N",5.1,1.282,4.9,"N",0,0,0,0,0,0,0,0,0,0,0,0,0,0,16,0,16,2,0.059,0.022,2,6,0.1,2,127.5,14.5,1,7.3,NA,1,26.9,NA,2,24,6,1,2.8,NA,0,0,1,0,0,0,1,0,0,1,0,0,0,0,0,0,0,0,0,0,0,0,0,1,0,0,0,0,0,0,0,0,0,0,0,1,0,0,0,0,0,0,0,0,0,0,0,0,0,1,0,0,0,0,0,1,0,0,0,0,0,1,1,0,0,0,0,0,0,0,0,0,0,0,0,0,0,1,0,0,1,0,0,1,0,0,0,0,0,0,0,1,0,0,0,0,0,0,0,0,0,0,0,0,0,0,0,0,0,0,0,0,0,0,1,0,0,0,0,1,1,0,0,0,0,0
"Black Pond (2)","7/25/2005","2005","Woodstock",41.9696,72.0693,"CT","CAES","N",29.7,1.342,7.01,"N",0,0,0,0,0,0,0,0,0,0,0,0,0,0,23,0,23,2,0.0165,0.0155,2,5.85,0.05,2,75.9,2.2,1,7.5,NA,1,26.6,NA,2,7.5,2.25,1,3.8,NA,0,0,1,0,1,0,0,0,0,0,0,1,0,0,0,0,1,0,1,0,0,0,0,0,1,0,0,1,0,0,0,0,0,0,0,1,0,0,0,0,0,0,0,0,0,0,0,0,0,0,0,0,0,0,0,0,0,1,0,0,0,1,1,0,0,0,0,0,0,0,0,0,0,1,0,0,0,1,0,0,0,0,0,1,0,0,0,0,0,0,1,0,1,0,0,1,0,0,0,0,0,1,0,0,0,0,0,0,0,0,0,0,1,0,1,0,0,0,0,1,1,0,0,1,0,0
"Blissville Pond","9/30/2005","2005","Lisbon",41.5637,72.0378,"CT","CAES","N",11.9,2.077,1.7,"Y",0.001,0.001,0.001,0.001,0,0,1,0,0,0,0,0,0,1,17,2,15,2,0.057,0.053,2,5.5,0.1,2,104.5,1.5,1,7.6,NA,1,18.2,NA,2,12.75,2.25,1,1.7,NA,0,0,1,0,0,0,0,0,0,1,0,0,0,0,0,0,0,0,0,1,0,0,0,1,0,0,0,1,0,0,0,0,0,0,0,0,0,0,0,0,0,0,1,0,0,0,0,0,0,1,0,0,0,0,0,0,0,0,0,0,0,1,1,0,0,0,0,0,0,0,0,1,0,0,0,0,0,1,0,0,0,0,0,0,0,0,0,0,0,0,0,1,0,0,0,0,0,0,0,0,0,1,0,0,0,0,0,0,0,0,0,0,0,0,1,0,0,0,0,0,0,0,1,0,0,0
"Bolton Lake, Lower","combined","comb","Bolton",41.8005,72.43,"CT","CAES","Y",70.82,1.387,6.096,"N",0,0,0,0,0,0,0,0,0,0,0,0,0,0,24,0,24,2,0.0133,0.0078,2,5.9,0.05,2,103.9,28.1,2,6.95,0.75,2,31.05,0.85,2,10.325,1.325,2,3.1,0.1,0,0,0,1,1,0,0,0,0,1,0,1,0,0,1,0,0,0,1,0,0,0,0,1,0,0,1,1,0,1,0,0,0,0,0,0,0,0,0,0,0,0,0,0,0,0,0,0,0,1,0,0,0,0,0,1,0,1,0,0,0,0,1,0,0,0,0,0,0,0,0,0,0,0,0,1,0,1,0,0,0,1,0,0,0,0,0,0,0,0,0,0,1,0,0,0,0,0,0,0,0,1,0,0,0,1,0,0,0,1,0,0,0,0,0,0,0,0,0,1,1,0,0,1,0,0
"Bolton Lake, Middle","combined","comb","Vernon",41.8089,72.4262,"CT","CAES","Y",48.97,1.608,6.096,"N",0,0,0,0,0,0,0,0,0,0,0,0,0,0,28,0,28,2,0.0292,0.0033,2,5.875,0.125,2,95.15,22.85,1,6.2,NA,1,27.6,NA,2,10.2,1.2,1,2.9,NA,0,0,1,0,0,0,0,0,0,1,1,0,0,0,1,0,0,0,1,0,0,0,0,1,1,0,0,1,0,1,0,0,0,0,0,0,0,0,0,1,0,0,0,0,0,0,0,0,0,1,0,0,0,0,0,1,0,0,1,0,0,1,1,0,0,0,0,0,0,0,1,0,0,1,0,1,0,1,0,0,1,0,0,0,0,0,0,0,0,0,0,1,0,0,0,0,0,0,0,0,0,1,0,0,0,1,0,0,0,0,0,1,0,0,1,0,0,0,0,1,1,0,1,0,0,0
"Bolton Lake, Upper","7/18/2005","2005","Coventry, Tolland, Vernon",41.8208,72.4215,"CT","CAES","N",20.23,1.951,2.286,"N",0,0,0,0,0,0,0,0,0,0,0,0,0,0,15,0,15,2,0.03,0.003,2,4.8,0,2,62.05,0.85,1,0.5,NA,1,24.5,NA,2,2.25,0.75,1,0.8,NA,0,0,1,0,0,0,0,0,0,0,0,0,0,0,0,0,0,0,0,1,0,0,0,1,1,0,0,0,0,0,0,0,0,0,0,0,0,0,0,0,0,0,0,0,0,0,0,0,0,1,0,0,0,0,0,1,0,0,0,0,0,1,1,0,0,0,0,0,0,0,0,0,0,1,0,0,0,0,0,0,1,0,0,0,0,0,0,0,1,0,0,1,1,0,0,0,0,0,0,0,0,0,0,0,0,0,0,0,0,0,0,0,0,0,0,0,0,0,0,1,0,0,1,0,0,0
"Bolton Notch Pond","10/4/2011","2011","Bolton",41.7883,72.4536,"CT","CAES","N",8.5,1.456,1.5,"Y",0.0017,0.0017,0.0017,0.0017,0,0,1,0,0,0,1,1,0,0,24,3,21,2,0.0135,5e-04,2,5.65,0.05,2,413.5,101.5,1,3,NA,1,15.1,NA,2,16.9,1.9,1,1,NA,0,0,1,0,1,0,0,0,0,0,1,0,1,0,1,0,0,0,1,0,0,0,0,1,0,0,0,0,0,0,0,0,0,0,0,0,0,0,0,1,0,0,0,0,0,0,1,0,0,0,0,1,0,0,0,1,0,0,0,0,0,0,1,0,0,0,0,0,0,0,0,0,0,1,0,0,0,0,0,0,0,0,0,0,0,0,1,0,0,0,0,0,1,0,0,0,0,0,0,0,0,1,0,0,0,0,0,0,0,1,0,0,0,0,1,0,0,0,1,1,0,0,1,0,0,0
"Brandegea Lake","7/7/2011","2011","Waterford",41.3719,72.122,"CT","CAES","N",11.94,1.587,3,"Y",0.0031,0.0031,0.0031,0.0031,0,0,1,0,0,0,1,0,0,0,18,2,16,2,0.074,0.004,2,6.4,0.4,2,159,10,1,7.2,NA,1,29.8,NA,2,33,13.5,1,1.5,NA,0,0,1,1,0,0,0,0,0,0,1,0,0,0,0,0,0,0,1,0,0,0,0,1,0,0,0,0,0,0,0,0,0,0,0,0,0,0,0,0,0,0,0,0,0,0,0,0,0,0,0,1,0,0,0,1,0,0,0,0,0,1,1,0,0,0,0,0,0,0,0,1,0,1,0,0,0,1,0,0,1,0,0,0,0,0,0,0,0,0,0,0,0,0,0,0,0,0,0,0,0,0,0,0,0,0,0,0,0,1,0,0,0,0,1,0,0,0,0,0,1,0,0,0,0,0
"Branford Supply Pond (East)","8/1/2005","2005","North Branford",41.2953,72.8017,"CT","CAES","Y",7.04,1.958,4,"Y",0.0281,0.0281,0.0281,0.0281,0,0,0,0,0,0,1,0,0,0,6,1,5,2,0.2015,0.1675,2,6.55,0.15,2,213,39,1,3.6,NA,1,30.9,NA,2,90.75,17.25,NA,1.5,NA,0,0,1,0,0,0,0,0,0,1,0,0,0,0,0,0,0,0,0,0,0,0,0,0,0,0,0,0,0,0,0,0,0,0,0,0,0,0,0,0,0,0,0,0,0,0,0,0,0,0,0,0,0,0,1,0,0,0,0,0,0,1,1,0,0,0,0,0,0,0,NA,0,0,0,0,0,0,0,0,0,0,0,0,0,0,0,0,0,0,0,0,0,0,0,0,0,0,0,0,0,0,0,0,0,0,0,0,0,0,0,0,0,0,0,0,0,0,0,0,0,0,0,0,0,0,0
"Broad Brook Reservoir, Lower","9/12/2012","2012","East Windsor",41.9112,72.5382,"CT","CAES","N",0.81,1.18,2,"N",0,0,0,0,0,0,0,0,0,0,0,0,0,0,7,0,7,2,0.0366,8e-04,2,8.25,0.05,2,236,2,1,11.5,NA,1,17.8,NA,2,63.75,0.75,1,2,NA,1,0,0,0,0,0,0,0,0,0,0,0,0,0,1,0,0,0,1,0,0,0,0,1,0,0,0,0,0,0,0,0,0,0,0,0,0,0,0,1,0,0,0,0,0,0,0,0,0,0,0,0,0,0,1,0,0,0,0,0,0,0,0,0,0,0,0,0,0,0,0,0,0,0,0,0,0,0,0,0,0,0,0,0,0,0,0,0,0,0,0,0,0,0,0,0,0,0,0,0,0,1,0,0,0,0,0,0,0,0,0,0,0,0,0,0,0,0,0,0,0,0,0,0,0,0
"Broad Brook Reservoir, Upper","9/12/2012","2012","East Windsor",41.9101,72.5386,"CT","CAES","N",0.32,1.276,0.5,"N",0,0,0,0,0,0,0,0,0,0,0,0,0,0,4,0,4,1,0.0407,NA,1,7,NA,1,264,NA,1,12.2,NA,1,15,NA,1,68.3,NA,1,0.5,NA,0,0,0,0,0,0,0,0,0,0,0,0,0,0,0,0,0,0,0,0,0,0,0,1,0,0,0,0,0,0,0,0,0,0,0,0,0,0,0,1,0,0,0,0,0,0,0,0,0,0,0,0,0,0,1,0,0,0,0,0,0,0,0,0,0,0,0,0,0,0,0,0,0,0,0,0,0,0,0,0,0,0,0,0,0,0,0,0,0,0,0,0,0,0,0,0,0,0,0,0,0,1,0,0,0,0,0,0,0,0,0,0,0,0,0,0,0,0,0,0,0,0,0,0,0,0
"Bunnels Pond","7/5/2011","2011","Bridgeport",41.2074,73.1879,"CT","CAES","N",13.52,2.485,5,"Y",0.0105,0.0105,0.0105,0.0105,0,0,1,0,0,0,0,0,0,0,22,1,21,2,0.0175,0.0025,2,6.4,0.4,2,159,10,1,8.5,NA,1,24.2,NA,2,33,13.5,1,2,NA,1,0,0,0,1,0,0,0,0,1,1,0,0,0,0,0,0,0,1,0,0,0,0,1,0,0,0,0,0,0,0,0,0,0,0,0,0,0,0,0,0,0,0,1,0,0,0,0,0,0,0,0,0,0,1,0,0,1,1,0,0,1,0,0,0,0,0,0,0,0,0,1,0,1,0,1,0,0,0,1,1,0,0,0,0,0,0,0,0,0,0,0,1,0,0,0,0,0,0,0,0,1,0,0,0,1,0,0,0,1,0,0,0,0,0,0,0,0,0,0,0,0,0,1,0,0
"Burr Pond","7/25/2005","2005","Torrington",41.8718,73.0958,"CT","CAES","N",34.44,2.236,3.353,"N",0,0,0,0,0,0,0,0,0,0,0,0,0,0,20,0,20,2,0.006,0.001,2,6,0.1,2,93.15,3.05,1,7.1,NA,1,26.5,NA,2,6.75,2.25,1,2.4,NA,0,0,1,0,1,0,0,0,0,1,0,0,0,0,0,0,0,0,0,1,0,0,0,1,0,0,0,1,0,0,0,0,0,0,0,0,0,0,0,0,0,0,0,0,0,0,0,0,0,1,0,0,0,0,1,0,0,1,0,0,0,1,1,0,0,0,0,0,0,0,0,0,0,1,0,1,0,0,0,0,1,0,0,0,0,0,1,0,0,0,0,0,1,0,0,0,0,0,0,0,0,0,0,0,0,0,0,0,0,0,0,0,0,0,1,0,0,0,0,1,0,0,1,1,0,0
"Bushy Pond","6/26/2012","2012","Clinton",41.3059,72.525,"CT","CAES","N",3.44,2.626,11,"N",0,0,0,0,0,0,0,0,0,0,0,0,0,0,14,0,14,2,0.0183,0.0057,2,6.3,0.1,2,79.5,20.5,1,8.6,NA,1,22,NA,2,20.25,9.75,1,1.4,NA,0,0,0,0,0,0,0,0,0,0,0,0,0,0,1,0,0,0,0,1,0,0,0,0,1,0,0,1,0,0,0,0,0,0,0,0,0,0,0,0,0,0,0,0,0,0,0,0,0,1,0,1,0,0,0,0,0,0,0,0,0,1,1,0,0,0,0,0,0,0,0,0,0,1,0,0,0,1,0,0,0,0,0,0,0,0,0,0,0,0,0,0,0,0,0,0,0,0,0,0,0,0,0,0,0,1,0,0,0,0,0,0,0,0,1,0,1,0,0,0,1,0,0,0,0,0
"Canoe Brook Lake","8/30/2012","2012","Trumbull",41.2513,73.239,"CT","CAES","Y",25.78,2.26,6,"Y",3e-04,3e-04,3e-04,3e-04,0,0,1,0,0,0,0,0,0,0,16,1,15,2,0.0929,0.0598,2,6.95,0.55,2,162,31,1,9.7,NA,1,24,NA,2,49.5,22.5,1,2.5,NA,1,0,0,0,1,0,0,0,0,0,0,0,0,0,1,0,1,0,1,0,0,0,0,0,0,0,0,1,0,1,0,0,0,0,0,0,0,0,0,1,0,0,0,0,0,0,0,0,0,0,0,0,0,0,0,1,0,0,1,0,0,0,0,0,0,0,0,0,0,0,0,0,0,0,0,0,0,1,0,0,1,0,0,0,0,0,0,0,0,0,0,0,1,0,0,0,0,0,0,0,0,1,0,0,0,0,0,0,0,0,0,0,0,0,0,0,0,0,0,0,0,0,0,1,0,0
"Cedar Lake","combined","comb","Chester",41.4017,72.499,"CT","CAES","Y",28.04,1.274,13,"N",0,0,0,0,0,0,0,0,0,0,0,0,0,0,34,0,34,3,0.0251,0.0043,3,6.0333,0.1202,3,37.05,2.4619,3,12.6667,5.7377,3,18.9333,5.7138,3,8.5333,2.0626,3,2.87,0.07,1,0,1,1,0,0,0,0,0,0,0,0,0,0,1,0,0,0,1,0,0,0,0,0,1,0,0,1,0,0,0,0,0,0,1,0,0,0,1,0,0,0,1,0,0,0,0,0,0,1,0,1,0,0,0,0,0,0,0,0,0,1,1,0,0,0,1,0,0,0,0,0,0,1,0,0,0,1,0,0,1,1,0,0,0,0,1,0,0,0,0,1,1,0,0,0,0,0,0,0,0,1,0,0,0,1,0,0,0,0,0,1,0,1,1,1,1,0,1,1,1,0,1,0,1,0
"Cedar Pond","8/26/2005","2005","North Branford",41.3206,72.7799,"CT","CAES","Y",8.82,1.281,5.3,"Y",0.001,0.001,0.001,0.001,0,0,1,0,0,0,0,0,0,0,7,1,6,2,0.0295,0.0055,2,6.65,0.05,2,291,3,1,6.5,NA,1,26.9,NA,2,93.75,0.75,1,2.3,NA,0,0,0,0,0,0,0,0,0,1,0,0,0,0,0,0,0,0,0,0,0,0,0,1,0,0,0,0,0,0,0,0,0,0,0,0,0,0,0,0,0,0,0,0,0,0,0,0,0,0,0,0,0,0,0,0,0,0,0,0,0,1,1,0,0,0,0,0,0,0,0,0,0,0,0,0,0,0,0,0,0,1,0,0,0,0,0,0,0,0,0,0,0,0,0,0,0,0,0,0,0,0,0,0,0,0,0,0,0,0,0,0,0,0,0,0,0,0,0,0,0,0,0,0,0,1
"Chaffee Lake","7/20/2009","2009","Ashford",41.9394,72.1943,"CT","CAES","N",21.04,1.603,3.3,"N",0,0,0,0,0,0,0,0,0,0,0,0,0,0,14,0,14,2,0.0185,0.0065,2,7.3,0.9,2,130.5,1.5,1,8.5,NA,1,26,NA,2,24.75,0.75,1,2.3,NA,0,0,0,0,1,0,0,0,0,0,0,1,0,0,0,0,1,0,0,1,0,0,0,1,0,0,0,1,0,0,0,0,1,0,0,0,0,0,0,0,0,0,0,0,0,0,0,0,0,0,0,0,0,0,0,1,0,0,0,0,0,1,0,0,0,0,0,0,0,0,0,0,0,0,0,0,0,1,0,0,0,0,0,0,0,0,0,0,0,0,1,0,0,0,0,0,0,0,0,0,0,0,0,0,0,1,0,0,0,0,0,0,0,0,0,0,0,0,0,0,1,0,0,1,0,0
"Chalkers Mill Pond","7/22/2005","2005","Old Saybrook",41.3023,72.3967,"CT","CAES","N",4.17,2.115,1,"N",0,0,0,0,0,0,0,0,0,0,0,0,0,0,9,0,9,2,0.033,0,2,5.75,0.05,2,146,7,1,1.3,NA,1,24.9,NA,2,19.88,5.625,1,0.5,NA,0,0,1,0,0,0,0,0,0,1,0,0,0,0,0,0,0,0,0,0,0,0,0,0,0,0,0,0,0,0,0,0,0,0,0,0,0,0,0,0,0,0,0,0,0,0,0,0,0,0,0,0,0,0,0,1,0,0,0,0,0,0,1,0,0,0,0,0,0,0,0,0,0,0,0,0,0,0,0,0,1,0,0,0,0,0,1,0,0,0,0,1,1,0,0,0,0,0,0,0,0,0,0,0,0,0,0,0,0,0,0,0,0,0,0,0,0,0,0,0,0,0,1,0,0,0
"Chase Reservoir","8/8/2005","2005","Killingly",41.8468,71.838,"CT","CAES","N",28.77,1.772,3,"Y",5e-04,5e-04,5e-04,5e-04,0,0,1,0,0,0,1,0,0,1,22,3,19,2,0.0215,0.0035,2,6.25,0.05,2,67.5,0.5,1,7.3,NA,1,28.1,NA,2,10.88,0.375,1,2.7,NA,0,0,1,0,0,0,0,0,0,0,0,1,0,0,0,0,1,0,1,0,0,0,0,0,1,0,1,1,0,0,0,0,0,0,0,1,0,1,0,0,0,0,0,0,0,0,0,0,0,0,0,0,0,0,0,1,0,0,0,0,0,1,1,0,0,0,0,0,0,0,0,1,0,0,0,0,0,0,0,0,0,0,0,0,0,0,0,0,0,0,1,0,0,0,0,0,0,0,0,0,0,1,0,0,0,1,0,0,0,0,0,0,0,0,0,0,0,0,0,1,0,0,1,1,0,0
"Clear Lake","7/19/2006","2006","Guilford",41.3372,72.7411,"CT","CAES","N",8.09,1.53,2.74,"N",0,0,0,0,0,0,0,0,0,0,0,0,0,0,5,0,5,2,0.059,0.011,2,6.2,0.2,2,199.5,26.5,1,29.6,NA,1,7.1,NA,2,28,7,1,3,NA,0,0,1,0,0,0,0,0,0,0,0,0,0,0,0,0,0,0,0,0,0,0,0,0,0,0,0,0,0,0,0,0,0,0,0,0,0,0,0,0,0,0,0,0,0,0,0,0,0,0,0,0,0,0,0,0,0,0,1,0,0,1,1,0,0,0,0,0,0,0,0,0,0,0,0,0,0,1,0,0,0,0,0,0,0,0,0,0,0,0,0,0,0,0,0,0,0,0,0,0,0,0,0,0,0,0,0,0,0,0,0,0,0,0,0,0,0,0,0,0,0,0,0,0,0,0
"Coventry Lake","7/15/2008","2008","Coventry",41.7709,72.3197,"CT","CAES","N",150.95,1.859,10,"N",0,0,0,0,0,0,0,0,0,0,0,0,0,0,19,0,19,2,0.0345,0.0185,2,6.5,0.3,2,57.5,36.5,1,8.2,NA,1,27.8,NA,2,24,8,1,3.3,NA,0,1,0,0,0,0,0,0,0,1,0,0,0,0,0,0,1,0,1,1,0,0,1,1,0,0,0,1,0,1,0,0,0,0,0,0,0,0,0,0,0,0,0,0,0,0,0,0,0,0,0,0,0,0,1,1,0,0,0,0,0,0,0,0,0,0,0,0,0,0,0,0,0,1,0,0,0,0,0,1,0,0,0,0,0,0,0,0,0,0,1,0,1,0,0,0,0,0,0,0,0,1,0,0,0,0,0,0,0,0,0,0,0,0,0,0,0,0,0,0,1,0,0,1,0,1
"Crescent Lake","7/27/2005","2005","Enfield",42.0252,72.5222,"CT","CAES","N",14.16,2.058,2.5,"Y",2e-04,2e-04,2e-04,2e-04,0,0,1,0,0,0,0,0,0,0,7,1,6,2,0.164,0.101,2,5.9,0.1,2,152.5,5.5,1,7.1,NA,1,32.4,NA,2,27,1.5,1,1,NA,0,0,0,0,0,0,0,0,0,0,0,0,0,0,0,0,0,0,0,1,0,0,0,0,0,0,0,1,0,0,0,0,0,0,0,0,0,0,0,0,0,0,0,0,0,0,0,0,0,0,0,0,0,0,0,1,0,0,1,0,0,0,1,0,0,0,0,0,0,0,0,0,0,0,0,0,0,0,0,0,0,1,0,0,0,0,0,0,0,0,0,0,0,0,0,0,0,0,0,0,0,0,0,0,0,0,0,0,0,0,0,0,0,0,0,0,0,0,0,0,0,0,0,0,0,0
"Crystal Lake (1)","combined","comb","Middletown",41.5219,72.6388,"CT","CAES","Y",12.55,2.523,6,"N",0,0,0,0,0,0,0,0,0,0,0,0,0,0,21,0,21,4,0.0375,0.0108,4,6.15,0.2776,4,121.1125,15.2176,4,6.1,1.8032,4,24.55,1.9632,4,29.6375,12.6501,4,1.45,0.18,0,0,0,0,0,0,0,0,0,1,0,0,0,0,1,0,0,0,1,0,0,0,0,1,0,0,0,1,0,1,0,0,0,0,0,0,1,0,0,1,0,0,0,0,0,1,0,0,0,0,0,0,0,0,1,1,0,0,1,0,0,0,1,0,0,0,0,0,0,0,0,0,0,0,0,0,0,1,0,1,0,1,0,0,0,0,0,0,0,0,0,0,1,0,0,1,0,0,0,0,0,1,0,0,0,1,0,0,0,0,0,1,0,0,0,0,0,0,0,0,0,0,0,0,0,0
"Crystal Lake (2)","7/22/2005","2005","Old Saybrook",41.3011,72.414,"CT","CAES","N",2.23,1.969,1.2,"Y",0.093,0.093,0.093,0.093,0,0,1,0,0,0,0,0,0,0,25,1,24,2,0.0425,0.0075,2,6.1,0.1,2,101.15,4.85,1,5.4,NA,1,24.8,NA,2,30.8,1.5,1,0.6,NA,0,0,1,0,0,0,0,0,0,0,1,0,0,0,0,0,1,0,0,1,0,0,0,1,1,0,0,1,0,0,0,0,0,1,0,0,0,0,1,0,0,0,0,0,0,0,0,0,0,1,0,0,0,0,0,1,0,0,0,0,0,1,1,0,0,0,0,0,0,0,0,0,0,1,0,0,0,1,0,0,1,0,0,0,0,0,0,0,0,0,0,0,1,0,0,1,0,0,0,0,0,1,0,0,0,1,0,0,0,0,0,0,0,0,1,0,0,0,0,1,1,0,0,0,0,0
"Crystal Lake (3)","8/25/2005","2005","Ellington, Stafford",41.9361,72.3739,"CT","CAES","N",75.84,1.523,12,"Y",0.01,0.01,0.01,0.01,0,0,1,0,0,0,1,0,0,0,6,2,4,2,0.055,0.034,2,7.05,0.15,2,147,40,1,6.78,NA,1,25.5,NA,2,60,0.75,1,2.9,NA,0,0,1,0,0,0,0,0,0,0,0,0,0,0,0,0,0,0,0,0,0,0,0,0,0,0,0,0,0,0,0,0,0,0,0,0,0,0,0,0,0,0,0,0,0,0,0,0,0,0,0,0,0,0,0,0,0,0,0,0,0,0,1,0,0,0,0,0,0,0,0,0,0,0,0,0,0,0,0,0,0,0,0,0,0,0,0,0,0,0,0,1,0,0,0,0,0,0,0,0,0,0,0,0,0,0,0,0,0,0,0,0,0,1,0,0,0,0,0,0,0,0,1,0,0,0
"Crystal Pond","7/16/2009","2009","Woodstock",41.9228,72.0993,"CT","CAES","N",58.68,1.82,5,"N",0,0,0,0,0,0,0,0,0,0,0,0,0,0,21,0,21,2,0.0805,0.0715,2,6.2,0.2,2,63.55,1.85,1,9.5,NA,1,23.9,NA,2,14.65,0.35,1,2.3,NA,0,0,0,0,0,0,0,0,1,0,0,0,0,0,1,0,0,0,1,0,0,0,0,1,1,0,0,1,0,1,0,0,0,0,0,0,0,0,0,0,0,0,0,0,0,0,0,0,0,0,0,0,0,0,0,1,0,1,0,0,0,0,0,0,0,0,0,0,0,0,0,0,0,0,0,1,0,0,0,0,1,0,0,1,0,0,0,0,0,0,0,0,1,0,0,1,0,0,0,0,0,1,0,0,0,1,0,1,0,0,0,0,0,0,0,0,0,0,0,1,1,0,1,1,0,0
"Cusick Pond","9/9/2009","2009","Bethany",41.3893,73.0297,"CT","CAES","N",0.08,1.081,2,"N",0,0,0,0,0,0,0,0,0,0,0,0,0,0,6,0,6,2,0.0185,0.0045,2,6.55,0.05,2,82.5,2.5,1,10.1,NA,1,22.4,NA,2,55.15,4.85,1,2,NA,0,0,0,0,0,0,0,0,1,0,0,0,0,0,0,0,0,0,0,0,0,0,0,0,0,0,0,0,0,1,0,0,0,0,0,0,0,0,0,0,0,0,1,0,0,0,0,0,0,0,0,0,0,0,0,0,0,0,0,0,0,0,0,0,0,0,0,0,0,0,0,0,0,0,0,0,0,0,0,0,1,1,0,0,0,0,0,0,0,0,0,0,0,0,0,0,0,0,0,0,0,0,0,0,0,1,0,0,0,0,0,0,0,0,0,0,0,0,0,0,0,0,0,0,0,0
"Dayton Pond","7/8/2005","2005","Wallingford",41.4076,72.8031,"CT","CAES","Y",2.67,2.669,2,"Y",0.0037,0.0037,0.0037,0.0037,0,0,1,0,0,0,1,0,0,0,8,2,6,2,0.067,0.006,2,6.8,0,2,208,2,1,6.7,NA,1,19.3,NA,2,87.38,19.125,1,1.4,NA,0,0,0,0,0,0,0,0,0,1,0,0,0,0,0,0,0,0,0,0,0,0,0,1,0,0,0,0,0,0,0,0,0,0,0,0,0,0,0,0,0,0,0,0,0,0,0,0,0,0,0,0,0,0,1,0,0,0,0,0,0,0,0,0,0,0,0,0,0,0,0,0,0,0,0,0,0,0,0,0,0,1,0,0,0,0,0,1,0,0,1,0,0,0,0,0,0,0,0,0,0,0,0,0,0,0,0,0,0,0,0,0,0,0,0,0,0,0,0,0,0,0,0,0,0,0
"Deer Lake","9/14/2009","2009","Killingworth",41.3436,72.5887,"CT","CAES","N",12.95,2.188,2.3,"N",0,0,0,0,0,0,0,0,0,0,0,0,0,0,19,0,19,2,0.017,0.008,2,5.8,0.1,2,65.6,0.3,1,7.8,NA,1,20.8,NA,2,21.4,1.1,1,1.3,NA,0,0,1,1,0,0,0,0,0,0,0,0,0,0,0,0,0,0,1,0,0,0,0,0,1,0,0,1,0,1,0,0,0,0,0,0,0,0,0,0,0,0,0,0,0,0,0,0,0,0,0,1,0,0,0,0,1,0,0,0,0,1,1,0,0,0,0,0,0,0,0,0,0,1,0,1,0,1,0,0,0,0,0,0,0,0,1,0,0,0,0,0,0,0,0,0,0,0,0,0,0,0,0,0,0,0,0,0,0,0,0,0,0,0,1,1,0,0,0,1,1,0,1,0,0,0
"Deer Lake Reservoir","9/14/2009","2009","Killingworth",41.3412,72.5922,"CT","CAES","N",2.43,1.313,5,"N",0,0,0,0,0,0,0,0,0,0,0,0,0,0,13,0,13,2,0.017,0.008,2,5.8,0.1,2,65.6,0.3,1,7.2,NA,1,23.6,NA,2,21.4,1.1,1,3.7,NA,0,0,1,1,0,0,0,0,0,0,0,0,0,0,0,0,0,0,0,0,0,0,0,0,0,0,0,1,0,0,0,0,0,0,0,0,0,0,0,0,0,0,1,0,0,0,0,0,0,0,0,0,0,0,0,0,0,0,0,0,0,1,1,0,0,0,1,0,0,0,0,0,0,1,0,0,0,1,0,0,0,0,0,0,0,0,1,0,0,0,0,0,0,0,0,0,0,0,0,0,0,0,0,0,0,0,0,0,0,0,0,0,0,0,1,0,0,0,0,1,1,0,0,0,0,0
"Diamond Lake","7/14/2006","2006","Glastonbury",41.6949,72.4823,"CT","CAES","N",8.09,1.339,4,"N",0,0,0,0,0,0,0,0,0,0,0,0,0,0,10,0,10,2,0.011,0,2,6.45,0.15,2,67.5,0.5,1,7.8,NA,1,27.4,NA,2,5.65,0.35,1,2.5,NA,0,0,1,0,0,0,0,0,0,0,0,1,0,0,0,0,0,0,0,0,0,0,0,1,1,0,0,0,0,1,0,0,0,0,0,0,0,0,0,0,0,0,0,0,0,0,0,0,0,0,0,0,0,0,0,0,0,1,0,0,0,0,1,0,0,0,1,0,0,0,0,0,0,0,0,0,0,0,0,0,0,0,0,0,0,0,0,0,0,0,0,0,1,0,0,0,0,0,0,0,0,0,0,0,0,0,0,0,0,0,0,0,1,0,0,0,0,0,0,0,0,0,0,0,0,0
"Dividend Pond, Lower","6/20/2012","2012","Rocky Hill",41.6462,72.6326,"CT","CAES","N",0.53,1.58,1,"Y",0.0635,0.0635,0.0635,0.0635,0,0,1,0,0,0,0,0,0,0,3,1,2,2,0.0521,0.0231,2,7.55,0.05,2,355.5,5.5,1,7,NA,1,19.3,NA,2,69.75,0.75,1,1,NA,0,0,0,0,0,0,0,0,0,1,0,0,0,0,0,0,0,0,0,0,0,0,0,1,0,0,0,0,0,0,0,0,0,0,0,0,0,0,0,0,0,0,0,0,0,0,0,0,0,0,0,0,0,0,0,0,0,0,0,0,0,0,0,0,0,0,0,0,0,0,0,0,0,0,0,0,0,0,0,0,0,0,0,0,0,0,0,0,0,0,0,0,0,0,0,0,0,0,0,0,0,0,0,0,0,0,0,0,0,0,0,0,0,0,0,0,0,0,0,0,0,0,0,0,0,0
"Dividend Pond, Upper","6/20/2012","2012","Rocky Hill",41.6458,72.6343,"CT","CAES","N",2.35,1.608,1,"Y",0.0292,0.0292,0.0292,0.0292,0,0,1,0,0,0,0,0,0,0,7,1,6,2,0.1733,0.1084,2,7.4,0,2,331,1,1,9.5,NA,1,17.9,NA,2,69.4,0.4,1,0.9,NA,0,0,0,0,0,0,0,0,0,0,0,0,0,0,0,0,0,0,0,0,0,0,0,1,0,0,0,0,0,0,0,0,0,0,0,0,0,0,0,1,0,0,0,0,0,0,0,0,0,0,0,0,0,0,0,0,0,0,0,0,0,0,1,0,0,0,0,0,0,0,0,0,0,0,0,0,0,0,0,1,0,0,0,0,0,0,0,0,0,0,0,0,0,0,0,0,0,0,0,0,0,1,0,0,0,0,0,0,0,1,0,0,0,0,0,0,0,0,0,0,0,0,0,0,0,0
"Doaneville Pond","7/7/2011","2011","Griswold",41.5639,71.8731,"CT","CAES","N",27.68,1.559,2,"Y",2e-04,2e-04,2e-04,2e-04,0,0,1,0,0,0,1,1,0,0,21,3,18,2,0.0515,0.0015,2,6.05,0.05,2,58.1,3.4,1,6,NA,1,25.3,NA,2,6.7,0,1,1,NA,0,0,1,1,0,0,0,0,0,0,0,0,0,0,1,0,0,0,1,0,0,0,0,0,1,0,1,0,0,1,0,0,0,0,0,0,0,0,0,0,0,0,0,0,0,0,0,0,0,0,0,0,0,0,0,1,0,0,0,0,0,1,1,0,0,1,0,0,0,0,1,0,0,1,0,0,0,1,0,0,0,0,0,0,0,0,1,0,0,0,0,0,0,0,0,0,0,0,0,0,0,1,0,0,0,0,0,0,0,0,0,1,0,0,0,0,0,0,0,0,0,0,0,1,0,0
"Dog Pond","8/5/2005","2005","Goshen",41.8135,73.2388,"CT","CAES","N",26.63,1.238,3.353,"N",0,0,0,0,0,0,0,0,0,0,0,0,0,0,13,0,13,2,0.043,0.037,2,6.9,0.5,2,145,8,NA,NA,NA,NA,NA,NA,2,49.88,3.375,1,2.5,NA,0,0,0,0,0,0,0,0,0,1,0,0,0,0,0,0,0,0,0,0,0,0,1,0,0,0,0,0,0,0,0,0,0,0,0,0,0,0,0,0,0,0,0,0,0,0,0,0,0,0,0,0,0,0,1,0,0,1,0,0,0,1,1,0,0,0,0,0,0,0,0,0,0,0,0,1,0,0,0,0,0,0,0,1,0,0,0,0,0,0,0,0,0,1,0,1,0,0,1,0,1,1,0,0,0,0,0,0,0,0,0,0,0,0,0,0,0,0,0,0,0,0,0,0,0,0
"Dunlop Pond (Unnamed Lake with Dam #3036)","9/1/2005","2005","Darien",41.0792,73.4607,"CT","CAES","N",2.99,1.435,4,"Y",0.1859,0.2478,0.2478,0.1239,0,0,1,0,0,0,0,0,0,1,6,2,4,2,0.0975,0.0095,2,6.6,0.2,2,487.5,112.5,1,5.5,NA,1,27.5,NA,2,73.5,16.5,1,1.4,NA,0,0,0,0,0,0,0,0,0,0,0,0,0,0,0,0,0,0,0,0,0,0,0,1,0,0,0,0,0,0,0,0,0,0,0,0,0,0,0,0,0,0,0,0,0,0,0,0,0,0,0,0,0,0,0,0,0,0,0,0,0,0,1,0,0,0,0,0,0,0,0,0,0,0,0,0,0,0,0,0,0,0,0,0,0,0,0,0,0,0,0,0,0,0,0,0,0,0,0,0,0,0,0,0,0,0,0,1,0,0,0,0,0,0,0,0,0,0,0,0,0,0,0,1,0,0
"Eagleville Lake ","9/25/2012","2012","Coventry",41.7861,72.282,"CT","CAES","N",32.21,2.992,2.5,"N",0,0,0,0,0,0,0,0,0,0,0,0,0,0,16,0,16,NA,NA,NA,2,6.35,0.05,2,137.5,14.5,1,8.9,NA,1,16.9,NA,1,13.13,NA,1,2.1,NA,0,0,1,1,0,0,0,0,0,1,1,0,0,0,0,0,0,0,1,0,0,0,0,1,0,0,0,0,0,0,0,0,0,0,0,0,0,0,0,1,0,0,0,0,0,0,0,0,0,0,0,0,0,0,0,0,0,0,0,0,0,1,1,0,0,0,0,0,0,0,0,0,0,1,0,0,0,0,0,0,0,0,0,1,0,0,1,0,0,0,0,0,1,0,0,0,0,0,0,0,0,1,0,0,0,0,0,0,0,0,0,0,0,0,1,0,1,0,0,0,0,0,0,0,0,0
"Echo Lake","9/7/2005","2005","Watertown",41.6014,73.0978,"CT","CAES","N",4.33,1.406,2,"Y",0.008,0.008,0.008,0.008,0,0,1,0,0,0,0,0,0,0,6,1,5,2,0.048,0.005,2,6.45,0.05,2,193.5,1.5,1,6.3,NA,1,24.1,NA,2,26.25,0.75,1,1.2,NA,0,0,0,0,1,0,0,0,0,0,0,0,0,0,0,0,0,0,0,0,0,0,0,1,0,0,0,0,0,0,0,0,0,0,0,0,0,0,0,0,0,0,0,0,0,0,0,0,0,0,0,0,0,0,0,0,0,0,1,0,0,0,0,0,0,0,0,0,0,0,0,0,0,0,0,0,0,1,0,0,1,0,0,0,0,0,0,0,0,0,0,0,0,0,0,0,0,0,0,0,0,0,0,0,0,0,0,0,0,0,0,0,0,0,0,0,0,0,0,0,0,0,0,0,0,0
"Elise Lake","7/12/2011","2011","Middlebury",41.5232,73.141,"CT","CAES","N",6.27,1.548,2,"Y",0.0017,0.0017,0.0017,0.0017,0,0,1,0,0,0,1,0,0,0,15,2,13,2,0.055,0.021,2,6.75,0.55,2,173,1,1,10.3,NA,1,29.2,NA,2,18.8,3,1,1.2,NA,0,0,1,1,1,0,0,0,0,0,1,0,0,0,0,0,0,0,0,0,0,0,0,1,0,0,0,0,0,0,0,0,0,0,0,0,0,0,0,0,0,0,0,0,0,0,0,0,0,0,0,1,0,0,0,0,0,0,0,0,0,1,1,0,0,0,0,0,0,0,0,0,0,0,0,0,0,1,0,0,1,0,0,0,0,0,0,0,0,0,0,0,1,0,0,0,0,0,0,0,0,1,0,0,0,0,0,0,0,0,0,0,0,0,1,0,0,0,0,0,0,0,0,0,0,0
"Fall Mountain Lake","9/15/2009","2009","Terryville",41.6486,72.9893,"CT","CAES","N",12.14,1.596,1.7,"N",0,0,0,0,0,0,0,0,0,0,0,0,0,0,19,0,19,2,0.012,0.001,2,6.65,0.05,2,183,5,1,9,NA,1,22.2,NA,2,24.05,2.25,1,1.7,NA,0,0,0,0,1,0,0,0,0,0,0,0,0,0,1,0,0,0,1,0,0,0,0,1,1,0,0,0,0,1,0,0,0,0,0,0,0,0,0,0,0,0,1,0,0,0,0,0,0,0,0,1,0,0,1,1,0,0,1,0,0,1,0,0,0,0,0,0,0,0,0,0,0,0,0,0,0,1,0,0,1,0,0,0,0,0,0,0,0,0,0,0,1,0,0,0,0,0,0,0,0,1,0,0,0,1,0,0,0,0,0,1,0,0,0,0,0,0,0,0,0,0,1,0,0,0
"Farm Brook Reservoir","6/26/2012","2012","Hamden",41.3962,72.9427,"CT","CAES","N",6.07,1.194,2,"Y",0.0016,0.0016,0.0016,0.0016,0,0,1,0,0,0,0,0,0,0,8,1,7,2,0.1647,0.0762,2,7.55,0.55,2,51,2,1,13,NA,1,23.3,NA,2,13.5,0.75,1,0.3,NA,1,0,0,0,1,0,0,0,0,0,0,0,0,0,0,0,1,0,1,0,0,0,0,1,0,0,0,0,0,0,0,0,0,0,0,0,0,0,0,0,0,0,0,0,0,0,0,0,0,0,0,0,0,0,0,0,0,0,0,0,0,0,0,0,0,0,0,0,0,1,0,0,0,0,0,0,0,0,0,0,0,0,0,0,0,0,0,0,0,0,0,0,0,0,0,0,0,0,0,0,0,0,0,0,0,0,0,0,0,1,0,0,0,0,0,0,0,0,0,0,0,0,0,0,0,0
"Fence Rock Lake","combined","comb","Guilford",41.3192,72.6727,"CT","CAES","Y",6.84,1.412,5,"N",0,0,0,0,0,0,0,0,0,0,0,0,0,0,25,0,25,4,0.0295,0.0152,5,6.28,0.2268,5,75.06,6.9094,5,8.14,0.3012,5,26.14,1.7423,5,14.395,4.2286,5,2.28,0.1387,0,0,1,0,1,0,0,0,0,1,0,0,0,1,1,0,1,0,1,0,0,0,0,0,0,0,0,1,0,1,0,0,0,0,0,0,0,0,0,1,0,0,0,0,0,0,0,0,0,0,0,1,0,0,0,1,1,0,1,0,0,1,1,0,0,0,0,0,0,0,0,0,0,1,0,0,0,1,0,0,1,1,0,0,0,0,0,0,0,0,0,0,1,0,0,0,0,0,0,0,0,1,0,0,0,0,0,0,0,1,0,1,0,0,1,0,0,0,0,0,0,0,0,0,0,0
"Forest Lake","9/13/2007","2007","Bridgeport",41.22,73.2066,"CT","CAES","N",26.71,2.158,6,"N",0,0,0,0,0,0,0,0,0,0,0,0,0,0,4,0,4,2,0.016,0.007,2,6.6,0.1,2,143,9,1,4.9,NA,1,24,NA,2,17.25,6.75,1,1.8,NA,0,0,0,0,0,0,0,0,0,0,0,1,0,0,0,0,0,0,0,0,0,0,0,0,0,0,0,0,0,0,0,0,0,0,0,0,0,0,0,0,0,0,0,0,0,0,0,0,0,0,0,0,0,0,0,0,0,0,1,0,0,0,0,0,1,0,0,0,0,0,0,0,0,0,0,0,0,1,0,0,0,0,0,0,0,0,0,0,0,0,0,0,0,0,0,0,0,0,0,0,0,0,0,0,0,0,0,0,0,0,0,0,0,0,0,0,0,0,0,0,0,0,0,0,0,0
"Gables Pond","8/3/2009","2009","Farmington",41.7418,72.8414,"CT","CAES","N",5.58,1.622,3,"N",0,0,0,0,0,0,0,0,0,0,0,0,0,0,15,0,15,2,0.014,0.001,2,7.1,0.7,2,183,8,1,7.9,NA,1,26.5,NA,2,45.05,2.25,1,2.6,NA,1,0,0,0,0,0,0,0,0,1,1,0,0,0,0,0,1,0,1,0,0,0,0,1,0,0,0,0,0,0,0,0,0,0,0,0,0,0,0,0,0,0,0,0,0,0,0,0,0,0,0,0,0,0,1,1,0,0,1,0,0,0,1,0,0,0,0,0,0,0,0,0,0,0,0,1,0,0,0,0,0,0,0,0,0,0,0,0,0,0,0,0,1,0,0,0,0,0,0,0,0,1,0,0,0,1,0,0,0,0,0,0,0,0,0,0,0,0,0,0,1,0,0,0,0,0
"Gardner Lake","7/24/2006","2006","Bozrah, Montville, Salem",41.5087,72.2228,"CT","CAES","N",214.08,1.636,11.887,"N",0,0,0,0,0,0,0,0,0,0,0,0,0,0,16,0,16,2,0.011,0.004,2,6.1,0.1,2,78.95,3.75,1,8,NA,1,27.4,NA,2,9.75,2.25,1,2,NA,0,0,1,1,0,0,0,0,0,1,0,1,0,0,0,0,1,0,0,1,0,0,0,1,1,0,0,1,0,1,0,0,0,0,0,0,0,0,0,0,0,0,0,0,0,0,0,0,0,1,0,0,0,0,0,1,0,1,0,0,0,1,1,0,0,0,0,0,0,0,0,0,0,0,0,0,0,1,0,0,0,0,0,0,0,0,0,0,0,0,0,0,0,0,0,0,0,0,0,0,0,0,0,0,0,0,0,0,0,0,0,0,0,0,0,0,0,0,0,0,0,0,0,0,0,0
"Gladstone Pond","8/10/2006","2006","Killingworth",41.3923,72.5438,"CT","CAES","N",0.32,1.319,2.5,"N",0,0,0,0,0,0,0,0,0,0,0,0,0,0,4,0,4,2,0.0695,0.0105,2,5.75,0.25,2,76,30,1,8.7,NA,1,26.4,NA,2,15,12,1,0.8,NA,0,0,1,0,0,0,0,0,0,0,0,0,0,0,0,0,0,0,0,0,0,0,0,0,0,0,0,0,0,0,0,0,0,0,0,0,0,0,0,0,0,0,0,0,0,0,0,0,0,0,0,0,0,0,0,0,0,0,0,0,0,0,1,0,0,0,0,0,0,0,0,0,0,0,1,0,0,0,0,0,0,0,0,0,0,0,0,0,0,0,0,0,0,0,0,0,0,0,0,0,0,0,0,0,0,1,0,0,0,0,0,0,0,0,0,0,0,0,0,0,0,0,0,0,0,0
"Graniss Lake","8/23/2011","2011","East Haven",41.3049,72.8555,"CT","CAES","Y",7.89,1.321,3,"Y",0.0024,0.0024,0.0024,0.0024,0,0,1,0,0,0,0,0,0,0,18,1,17,NA,NA,NA,NA,NA,NA,NA,NA,NA,NA,NA,NA,NA,NA,NA,NA,NA,NA,NA,NA,NA,1,0,0,0,0,0,0,0,0,1,0,0,0,0,1,0,0,0,1,0,0,0,0,1,0,0,0,0,0,0,0,0,0,0,0,0,0,0,0,0,0,0,0,0,0,0,0,0,0,0,0,0,0,0,1,1,0,1,1,0,0,1,1,0,0,0,0,0,0,0,0,0,0,1,0,0,0,1,0,0,0,0,0,0,0,0,0,0,0,0,0,0,1,0,0,0,0,0,0,0,0,1,0,0,0,0,0,1,0,0,0,0,0,0,1,0,0,0,0,0,0,0,0,0,0,0
"Great Hill Pond","8/11/2006","2006","Portland",41.5739,72.5629,"CT","CAES","N",30.76,1.372,2.743,"N",0,0,0,0,0,0,0,0,0,0,0,0,0,0,19,0,19,2,0.002,0.001,2,6.15,0.05,2,52,0.8,1,7.4,NA,1,27,NA,2,8.85,1.15,1,2.4,NA,0,0,1,1,0,0,0,0,0,0,0,1,0,0,0,0,1,0,0,1,0,0,0,1,0,0,0,1,0,0,0,0,0,0,0,0,0,0,0,0,0,0,0,0,0,0,0,0,0,0,0,0,0,0,0,0,0,0,0,0,0,1,1,0,0,0,0,0,0,0,0,0,0,0,0,0,0,0,0,0,1,0,0,0,0,0,0,0,0,0,0,1,1,0,0,0,0,0,0,0,1,1,0,0,0,0,0,0,0,0,0,1,0,0,1,0,0,0,0,1,1,0,0,1,0,0
"Green Falls Reservoir","8/2/2005","2005","Voluntown",41.5301,71.8091,"CT","CAES","N",19.51,1.897,7.92,"N",0,0,0,0,0,0,0,0,0,0,0,0,0,0,10,0,10,2,0.003,0,2,5,0,2,20.05,0.65,1,6.1,NA,1,31.4,NA,2,0.75,0,1,5.6,NA,0,0,0,0,0,0,0,0,0,0,0,0,0,0,0,0,0,0,0,1,0,0,0,0,1,0,0,1,0,0,0,0,0,0,0,0,0,0,0,0,0,0,0,0,0,0,0,0,0,0,0,1,0,0,0,0,0,0,0,0,0,1,1,0,0,0,0,0,0,0,0,0,0,0,0,0,0,0,1,0,0,0,0,0,0,0,0,0,0,0,0,0,0,0,0,0,0,0,0,0,0,0,0,0,0,0,0,0,0,0,0,1,0,0,0,0,0,0,0,1,1,0,0,0,0,0
"Halls Pond, Ashford","8/1/2005","2005","Eastford",41.8402,72.1091,"CT","CAES","N",33.18,1.638,4.267,"Y",8e-04,8e-04,8e-04,8e-04,0,0,0,0,0,0,1,0,0,0,19,1,18,2,0.007,0.004,2,6.05,0.25,2,44.05,0.45,1,7,NA,1,26.7,NA,2,7.5,1.5,1,3,NA,0,0,1,0,0,0,0,0,0,0,1,1,0,0,0,0,1,0,1,0,0,0,0,1,1,0,0,1,0,0,0,1,0,0,0,0,0,0,0,0,0,0,1,0,0,0,0,0,0,0,0,0,0,0,0,1,0,0,0,0,0,1,0,0,0,0,0,0,0,0,0,0,0,1,0,0,0,1,0,0,1,0,0,0,0,0,0,0,0,0,0,0,0,0,0,1,0,0,0,0,0,1,0,0,0,0,0,0,0,0,0,0,0,0,1,0,0,0,0,0,0,0,0,0,0,0
"Hamlin Pond","8/24/2005","2005","Plainville",41.6706,72.8475,"CT","CAES","N",4.86,1.213,4,"Y",0.0058,0.0058,0.0058,0.0058,0,0,1,0,0,0,0,0,0,1,8,2,6,2,0.0895,0.0485,2,6.7,0.3,2,262.5,17.5,1,10.4,NA,1,24.3,NA,2,72.38,1.125,1,1.2,NA,0,0,0,0,0,0,0,0,0,1,0,0,0,0,0,0,0,0,0,0,0,0,0,1,0,0,0,0,0,0,0,0,0,0,0,0,0,0,0,0,0,0,0,0,0,0,0,0,0,0,0,0,0,0,1,0,0,0,0,0,0,1,0,0,0,0,0,0,0,0,0,0,0,0,0,1,0,0,0,0,0,0,0,0,0,0,0,0,0,0,0,0,1,0,0,0,0,0,0,0,0,0,0,0,0,0,0,0,0,0,0,0,0,0,0,0,0,0,0,0,0,0,0,0,0,0
"Hatch Pond","6/14/2012","2012","Kent ",41.6836,73.4778,"CT","CAES","N",26.71,1.491,4,"Y",0.1725,0.1725,0.1725,0.1725,0,0,0,1,0,0,1,1,0,0,15,3,12,2,0.1574,0.1325,2,7.3,0.3,2,257,25,1,8.3,NA,1,22.9,NA,2,112.15,18.35,1,2,NA,0,0,0,0,0,0,0,0,0,1,1,0,0,0,0,0,0,0,0,0,0,0,1,0,0,0,0,0,0,0,0,0,0,0,0,0,0,0,0,0,0,0,0,0,0,0,0,0,0,0,0,0,0,1,0,0,0,0,0,0,0,1,1,0,0,0,0,0,1,0,0,0,0,1,0,0,0,0,0,1,0,0,0,0,0,0,0,0,0,0,0,0,0,0,0,0,0,0,1,0,0,0,0,0,0,0,0,1,0,1,0,0,0,0,0,0,0,0,0,0,0,0,0,0,0,0
"Hayward Lake","combined","comb","East Haddam",41.5188,72.3273,"CT","CAES","Y",69.61,1.996,10.668,"N",0,0,0,0,0,0,0,0,0,0,0,0,0,0,33,0,33,2,0.0138,2e-04,2,6.1,0.1,2,103.5,14,2,7.25,0.55,2,26,2.1,2,11.44,0.19,2,2.35,0.15,1,0,1,1,0,0,0,0,0,0,1,1,1,0,1,0,0,0,1,0,0,0,0,0,1,0,1,0,0,0,0,0,0,0,0,0,0,0,0,1,0,0,0,0,0,0,0,0,0,1,0,0,1,0,0,1,0,0,0,0,0,1,1,0,0,0,1,0,0,0,0,0,0,1,0,0,0,1,0,0,1,1,0,0,0,0,0,0,0,0,0,1,1,0,0,1,0,0,0,1,0,1,0,0,0,1,0,0,0,0,0,1,0,0,1,0,1,0,0,1,1,0,1,0,0,0
"Held Pond","7/1/2011","2011","Weston",41.1809,73.3718,"CT","CAES","N",12.71,1.315,13,"N",0,0,0,0,0,0,0,0,0,0,0,0,0,0,13,0,13,2,0.0165,0.0075,2,7.4,1.1,2,205,10,1,8.3,NA,1,27.3,NA,2,35.65,1.15,1,2.5,NA,1,0,0,0,0,0,0,0,0,1,0,0,0,0,0,0,0,0,1,0,0,0,0,0,0,0,0,1,1,0,0,0,0,0,0,0,0,0,0,0,0,0,0,0,0,0,0,0,0,0,0,0,0,0,0,1,0,0,1,0,0,0,1,0,0,0,0,0,0,0,0,0,0,1,0,0,0,1,0,1,0,1,0,0,0,0,0,0,0,0,0,0,0,0,0,0,0,0,0,0,0,0,0,0,0,0,0,0,0,1,0,0,0,0,0,0,0,0,0,0,0,0,0,0,0,0
"Hidden Lake","7/11/2005","2005","Higganum",41.421,72.571,"CT","CAES","N",15.78,1.728,2,"N",0,0,0,0,0,0,0,0,0,0,0,0,0,0,19,0,19,2,0.0185,0.0045,2,5.65,0.05,2,75.8,3.4,1,7.2,NA,1,28,NA,2,6.75,0.75,1,1.9,NA,0,0,1,0,0,0,0,0,0,0,0,1,0,0,0,0,1,0,0,1,0,0,0,0,0,0,0,1,0,0,0,0,0,1,0,0,0,0,0,0,0,0,0,0,0,0,0,0,0,0,0,0,0,0,0,1,0,0,0,0,0,1,1,0,0,0,0,0,0,0,0,0,0,1,0,0,0,1,0,0,1,0,0,0,0,0,1,0,0,0,0,0,1,0,0,0,0,0,0,0,0,0,0,0,0,0,0,0,0,0,0,0,0,0,0,1,0,0,0,1,1,0,1,1,0,0
"Higby Reservor #1","9/22/2010","2010","Middletown",41.5469,72.7223,"CT","CAES","N",24.73,1.659,6,"N",0,0,0,0,0,0,0,0,0,0,0,0,0,0,5,0,5,2,0.0145,5e-04,2,7.4,0.1,2,102.5,2.5,1,9,NA,1,20,NA,2,19.55,0.75,1,1,NA,0,0,0,0,0,0,0,0,0,0,0,0,0,0,0,0,1,0,0,1,0,0,0,0,0,0,0,1,0,0,0,0,0,0,0,0,0,0,0,0,0,0,0,0,0,0,0,0,0,0,0,0,0,0,0,0,0,0,0,0,0,0,0,0,0,0,0,0,0,0,0,0,0,0,0,0,0,0,0,0,0,0,0,0,0,0,0,0,0,0,0,0,0,0,0,0,0,0,0,0,0,0,1,0,0,0,0,0,0,0,0,0,0,0,1,0,0,0,0,0,0,0,0,0,0,0
"Higby Reservor #2","9/22/2010","2010","Middletown",41.544,72.7208,"CT","CAES","N",7.28,1.514,2,"N",0,0,0,0,0,0,0,0,0,0,0,0,0,0,4,0,4,2,0.0415,0.0015,2,7.1,0.1,2,156,3,1,8.7,NA,1,20.9,NA,2,29.65,0.35,1,0.8,NA,0,0,0,0,0,0,0,0,0,0,0,0,0,0,0,0,1,0,0,1,0,0,0,1,0,0,0,0,0,0,0,0,0,0,0,0,0,0,0,0,0,0,0,0,0,0,0,0,0,0,0,0,0,0,0,0,0,0,0,0,0,0,0,0,0,0,0,0,0,0,0,0,0,0,0,0,0,0,0,0,0,0,0,0,0,0,0,0,0,0,0,0,0,0,0,0,0,0,0,0,0,0,1,0,0,0,0,0,0,0,0,0,0,0,0,0,0,0,0,0,0,0,0,0,0,0
"Higby Reservor #3","9/24/2010","2010","Middletown",41.5378,72.7226,"CT","CAES","N",17.12,1.341,1.8,"N",0,0,0,0,0,0,0,0,0,0,0,0,0,0,3,0,3,2,0.044,0.011,2,7.1,0.1,2,154,1,1,7,NA,1,22.8,NA,2,32.25,0.75,1,1.5,NA,0,0,0,0,0,0,0,0,0,0,0,0,0,0,0,0,0,0,0,0,0,0,0,1,0,0,0,1,0,0,0,0,0,0,0,0,0,0,0,0,0,0,0,0,0,0,0,0,0,0,0,0,0,0,0,0,0,0,0,0,0,0,0,0,0,0,0,0,0,0,0,0,0,0,0,0,0,0,0,0,0,0,0,0,0,0,0,0,0,0,0,0,0,0,0,0,0,0,0,0,0,0,1,0,0,0,0,0,0,0,0,0,0,0,0,0,0,0,0,0,0,0,0,0,0,0
"Higby Reservor #4","9/24/2010","2010","Middletown",41.5527,72.729,"CT","CAES","N",11.29,1.964,4,"N",0,0,0,0,0,0,0,0,0,0,0,0,0,0,3,0,3,2,0.004,0,2,6.85,0.05,2,44,1,1,7.7,NA,1,21.4,NA,2,14.35,1.45,1,1,NA,0,0,0,0,0,0,0,0,0,0,0,0,0,0,0,0,0,0,0,1,0,0,0,0,1,0,0,1,0,0,0,0,0,0,0,0,0,0,0,0,0,0,0,0,0,0,0,0,0,0,0,0,0,0,0,0,0,0,0,0,0,0,0,0,0,0,0,0,0,0,0,0,0,0,0,0,0,0,0,0,0,0,0,0,0,0,0,0,0,0,0,0,0,0,0,0,0,0,0,0,0,0,0,0,0,0,0,0,0,0,0,0,0,0,0,0,0,0,0,0,0,0,0,0,0,0
"Horse Pond","8/4/2005","2005","Salem",41.462,72.2507,"CT","CAES","N",5.34,1.251,5.1,"N",0,0,0,0,0,0,0,0,0,0,0,0,0,0,15,0,15,2,0.03,0.023,2,6,0.2,2,81,14,1,7.2,NA,1,29.6,NA,2,11.63,3.375,1,2.6,NA,0,0,1,0,0,0,0,0,0,0,1,0,0,0,0,0,0,0,0,0,0,0,0,1,1,0,0,0,0,0,0,0,0,0,0,0,0,0,0,0,0,0,0,0,0,0,0,0,0,0,0,0,0,0,0,1,0,0,0,0,0,1,1,0,0,0,0,0,0,0,0,0,0,0,0,0,0,1,0,0,1,0,0,0,0,0,0,0,0,0,0,1,0,0,0,0,0,0,0,0,0,0,0,0,0,0,0,0,0,0,0,1,0,0,0,1,0,0,0,1,1,0,1,0,0,0
"Horseshoe Pond","6/21/2013","2013","Wilton",41.1823,73.4265,"CT","CAES","N",2.23,1.359,1,"Y",0.024,0.024,0.024,0.024,0,0,1,1,0,0,1,0,0,0,11,3,8,2,0.05405,0.00125,2,6.45,0.05,2,394.5,0.5,1,2.2,NA,1,21.3,NA,2,34.9,1.1,1,0.8,NA,0,0,0,0,0,0,0,0,0,0,1,0,0,0,0,0,0,0,1,0,0,0,0,0,0,0,0,0,0,0,0,0,0,0,0,0,0,0,0,0,0,0,0,0,0,0,0,0,0,0,0,0,0,0,0,0,0,0,1,0,0,0,1,0,0,0,0,0,0,0,0,0,0,0,0,0,0,0,0,0,0,1,0,0,0,0,0,0,0,0,0,0,1,0,0,0,0,0,1,0,0,0,0,0,0,0,0,0,0,0,0,0,0,0,1,0,0,0,0,0,0,0,0,0,0,0
"Hospital Reservoir #3","9/30/2009","2009","Middletown",41.5443,72.6045,"CT","CAES","N",2.39,1.324,5.5,"N",0,0,0,0,0,0,0,0,0,0,0,0,0,0,8,0,8,2,0.006,0,2,6.4,0.3,2,52.3,12.2,1,7.3,NA,1,19.6,NA,2,14.3,6,1,4,NA,0,0,0,0,0,0,0,0,0,0,0,0,0,0,0,0,0,0,1,0,0,0,0,0,0,0,0,1,0,0,0,0,0,0,0,0,0,0,0,0,0,0,0,0,0,0,0,0,0,0,0,1,0,0,0,0,0,0,0,0,0,0,0,0,0,0,0,0,0,0,0,0,0,0,0,0,0,1,0,0,0,0,0,0,0,0,0,0,0,0,0,0,0,0,0,0,0,0,0,1,0,0,0,0,0,0,0,0,0,0,0,0,0,0,1,0,0,0,1,1,0,0,0,0,0,0
"Housatonic Lake","7/12/2005","2005","Derby, Monroe, Oxford, Seymour, Shelton",41.3286,73.1093,"CT","CAES","N",132.74,4.132,7.925,"N",0,0,0,0,0,0,0,0,0,0,0,0,0,0,16,0,16,2,0.02,0.005,2,7.25,0.05,2,238,6,1,8.3,NA,1,24.1,NA,2,85.5,0,1,2,NA,0,0,0,0,0,0,0,0,0,1,0,0,0,0,0,0,0,0,1,0,0,0,0,1,0,0,0,0,0,0,0,0,0,0,0,0,0,0,0,0,0,0,0,0,0,0,0,0,0,0,0,0,0,0,1,0,0,1,1,0,0,0,1,0,0,0,0,0,0,0,0,0,0,0,0,0,0,1,0,1,0,0,0,1,0,1,0,0,0,0,1,0,1,0,0,0,0,0,0,0,0,0,0,0,0,0,0,1,0,0,0,0,0,0,0,0,0,0,0,0,0,0,0,1,1,0
"Howells Pond","8/12/2005","2005","Hartland",42.0222,72.9929,"CT","CAES","N",5.79,1.372,2.468,"N",0,0,0,0,0,0,0,0,0,0,0,0,0,0,9,0,9,2,0.0375,0.0225,2,5.4,0.2,2,29.5,2.5,1,5.2,NA,1,30.2,NA,2,4.5,0.75,1,1.2,NA,0,0,1,0,0,0,0,0,0,0,0,0,0,0,0,0,0,0,0,0,0,0,0,0,0,0,0,0,0,0,0,0,0,0,0,0,0,0,0,0,0,0,0,0,0,0,0,0,0,0,0,1,0,0,0,0,0,1,0,0,0,1,0,0,0,0,0,0,0,0,0,0,0,1,0,0,0,1,0,0,1,0,0,0,0,0,0,0,0,0,0,0,0,0,0,0,0,0,0,0,0,0,0,0,0,1,0,0,0,0,0,0,0,0,0,0,0,0,0,0,0,0,1,0,0,0
"Hummers Pond","7/28/2005","2005","Madison",41.2835,72.5827,"CT","CAES","N",3.08,1.994,2,"Y",0.44,0.44,0.44,0.44,0,0,0,0,0,0,0,0,0,1,9,1,8,2,0.0755,0.0135,2,6.05,0.05,2,196.5,0.5,1,2,NA,1,26.2,NA,2,31.5,0,1,1.5,NA,0,0,1,0,0,0,0,0,0,1,0,0,0,0,0,0,0,0,0,0,0,0,0,0,0,0,0,0,0,0,0,0,0,0,0,0,0,0,0,0,0,0,0,0,0,0,0,0,0,0,0,0,0,0,0,0,0,0,0,0,0,1,1,0,0,0,0,0,0,0,0,0,0,0,0,0,0,1,0,0,0,1,0,0,0,0,0,0,0,0,0,0,0,0,0,0,0,0,0,0,0,0,0,0,0,0,0,0,0,0,0,0,0,0,1,0,0,0,0,1,0,0,0,0,0,0
"Indian Lake (1)","8/3/2006","2006","Orange",41.2505,73.01,"CT","CAES","N",10.93,2.028,4,"Y",0.0333,0.0333,0.0333,0.0333,0,0,1,0,0,0,0,0,0,1,13,2,11,2,0.069,0.02,2,7.05,0.75,2,228.5,33.5,1,9.8,NA,1,31.8,NA,2,55.9,19.9,1,1,NA,0,0,0,0,0,0,0,0,0,0,1,1,0,0,0,0,0,0,0,1,0,0,0,1,0,0,0,0,0,0,0,0,0,0,0,0,0,0,0,0,0,0,0,0,0,0,0,0,0,0,0,0,0,0,0,0,0,0,1,0,0,1,1,0,0,0,0,0,0,0,0,0,0,1,0,0,0,1,0,0,1,0,0,0,0,0,0,0,0,0,0,0,1,0,0,0,0,0,0,0,0,0,0,0,0,0,0,0,0,0,0,0,0,0,0,0,0,0,0,0,0,0,0,0,0,0
"Indian Lake (2)","8/10/2009","2009","Sharon",41.9183,73.4946,"CT","CAES","N",82.96,1.58,3,"Y",6e-04,6e-04,6e-04,6e-04,0,0,0,0,0,0,1,0,0,0,21,1,20,2,0.014,0.012,2,7.5,0.1,2,116.25,3.75,1,6.2,NA,1,27.4,NA,2,274,7,1,2,NA,0,0,1,0,0,0,0,0,0,1,0,0,0,0,0,0,0,0,0,0,0,0,1,0,0,0,0,0,0,0,0,0,0,0,0,0,0,0,0,1,0,0,0,0,0,0,0,0,0,1,0,0,0,0,1,0,0,1,0,0,0,0,1,0,0,0,0,0,0,0,0,0,0,0,0,0,0,0,0,1,0,0,0,0,1,0,1,0,0,0,0,0,1,1,1,0,0,0,1,0,1,0,0,0,0,0,0,0,0,0,0,1,0,0,1,0,0,0,0,1,0,0,0,1,0,0
"Ingham Pond (Lake Rockview)","7/22/2005","2005","Old Saybrook",41.299,72.3968,"CT","CAES","N",5.79,1.311,10,"N",0,0,0,0,0,0,0,0,0,0,0,0,0,0,13,0,13,2,0.039,0.033,2,5.8,0.1,2,78.3,4.5,1,7.6,NA,1,30.7,NA,2,12.75,3.75,1,3.7,NA,0,0,1,0,0,0,0,0,0,0,0,0,0,0,0,0,1,0,1,0,0,0,0,0,0,0,0,0,0,0,0,0,0,1,0,0,0,0,0,0,0,0,0,0,0,0,0,0,0,0,0,0,0,0,0,1,0,0,0,0,0,0,1,0,0,0,0,0,0,0,0,0,0,1,0,0,0,1,0,0,1,0,0,1,0,0,0,0,0,0,0,1,0,0,0,0,0,0,0,0,0,0,0,0,0,0,0,0,0,0,0,0,0,0,1,0,0,0,0,1,0,0,0,0,0,0
"Ivoryton Pond","8/21/2006","2006","Ivoryton",41.3475,72.4342,"CT","CAES","N",1.01,1.482,2,"N",0,0,0,0,0,0,0,0,0,0,0,0,0,0,8,0,8,2,0.055,0.044,2,6.6,0,2,89.5,8,1,7.1,NA,1,24,NA,2,29.25,1.55,1,2,NA,0,0,1,1,0,0,0,0,0,0,0,0,0,0,0,0,0,0,0,0,0,0,0,1,0,0,0,0,0,0,0,0,0,0,0,0,0,0,0,0,0,0,0,0,0,0,0,0,0,0,0,0,0,0,0,0,0,0,0,0,0,1,0,0,0,0,0,0,0,0,0,0,0,0,0,0,0,1,0,0,0,0,0,0,0,0,0,0,0,0,0,1,1,0,0,0,0,0,0,0,0,0,0,0,0,0,0,0,0,0,0,0,0,0,0,0,0,0,0,0,0,0,1,0,0,0
"Keley (Kelsey) Pond","8/8/2006","2006","Guilford",41.3605,72.7038,"CT","CAES","N",4.45,1.378,1,"N",0,0,0,0,0,0,0,0,0,0,0,0,0,0,3,0,3,2,0.038,0.001,2,6.45,0.05,2,112.5,2.5,1,7.7,NA,1,28.5,NA,2,24.4,1.1,1,0.75,NA,0,0,1,0,0,0,0,0,0,0,0,0,0,0,0,0,0,0,0,0,0,0,0,0,0,0,0,0,0,0,0,0,0,0,0,0,0,0,0,0,0,0,0,0,0,0,0,0,0,0,0,0,0,0,0,0,0,0,0,0,0,0,0,0,0,0,0,0,0,0,0,0,0,0,0,0,0,1,0,0,0,0,0,0,0,0,0,0,0,0,0,0,0,0,0,0,0,0,0,0,0,0,0,0,0,1,0,0,0,0,0,0,0,0,0,0,0,0,0,0,0,0,0,0,0,0
"Lakeview Lake (Willow Lake)","8/18/2006","2006","West Hartford",41.8031,72.772,"CT","CAES","N",1.09,1.343,1,"Y",0.1605,0.1605,0.1605,0.1605,0,0,1,0,0,0,0,1,0,0,7,2,5,1,0.053,NA,1,6.8,NA,1,178,NA,1,4.6,NA,1,20.4,NA,1,63.9,NA,1,1.3,NA,0,0,0,0,0,0,0,0,0,0,0,0,0,0,0,0,0,0,0,0,0,0,0,0,0,1,0,0,0,0,0,0,0,0,0,0,0,0,0,0,0,0,1,0,0,0,0,0,0,0,0,0,0,0,0,1,0,0,0,0,0,0,0,0,0,0,0,0,0,0,0,0,0,0,0,0,0,1,0,0,0,0,0,0,0,0,0,0,0,0,0,0,0,0,0,0,0,0,0,0,0,1,0,0,0,0,0,0,0,0,0,0,0,0,0,0,0,0,0,0,0,0,0,0,0,0
"Larkin Pond","7/3/2011","2011","Middlebury",41.501,73.1117,"CT","CAES","N",3.44,1.349,3,"Y",0.0094,0.0094,0.0094,0.0094,0,0,1,0,0,0,0,0,0,0,11,1,10,2,0.056,0.015,2,7.65,1.55,2,130,40,1,12,NA,1,27.6,NA,2,13.9,1.1,1,0.8,NA,0,0,1,0,0,0,0,0,0,0,1,0,0,0,1,0,0,0,0,0,0,0,0,0,0,0,0,0,0,0,0,0,0,0,0,0,0,0,0,0,0,0,0,0,0,0,0,0,0,0,0,0,0,0,0,0,0,0,0,0,0,1,1,0,0,0,0,0,0,0,0,0,0,1,0,0,0,0,0,0,1,0,0,0,0,0,0,0,0,0,0,0,1,0,0,0,0,0,0,0,0,1,0,0,0,0,0,0,0,1,0,0,0,0,0,0,0,0,0,0,0,0,0,0,0,0
"Laurel Lake","combined","comb","New Hartford",41.8874,73.02,"CT","CAES","Y",6.47,1.388,7,"N",0,0,0,0,0,0,0,0,0,0,0,0,0,0,19,0,19,2,0.0545,0.0105,2,6.35,0.25,2,111.5,17.5,2,7.9,0.4,2,20.85,4.45,2,32.25,34.95,2,3.6,0.4,1,0,0,0,0,0,0,0,0,0,1,0,0,0,1,0,0,0,1,0,0,0,0,0,0,0,0,0,0,1,0,0,0,0,0,0,0,0,0,1,0,0,0,0,0,0,0,0,0,0,0,0,0,0,0,1,0,0,1,0,0,0,0,0,0,0,0,0,0,1,0,0,0,0,0,1,0,1,0,0,1,0,0,0,0,0,1,0,0,0,0,0,1,0,0,0,0,0,0,0,0,1,0,0,0,1,0,0,0,1,0,0,0,0,0,0,1,0,0,0,0,0,0,1,0,0
"Linsley Pond","8/25/2005","2005","Branford, North Branford",41.317,72.7848,"CT","CAES","N",9.27,1.183,13.41,"N",0,0,0,0,0,0,0,0,0,0,0,0,0,0,9,0,9,2,0.174,0.165,2,6.35,0.05,2,299,41,1,7.7,NA,1,25.3,NA,2,100.5,15.75,1,4.5,NA,0,0,0,0,0,0,0,0,0,1,0,0,0,0,0,0,0,0,0,0,0,0,0,1,0,0,0,0,0,0,0,0,0,0,0,0,0,0,0,0,0,0,0,0,0,0,0,0,0,0,0,0,0,0,0,0,0,0,0,0,0,1,1,0,0,0,0,0,0,0,0,0,0,0,0,0,0,0,0,0,0,1,0,0,1,0,0,0,0,0,0,0,0,1,0,0,0,0,1,0,0,0,0,0,0,0,0,0,0,0,0,0,0,0,0,0,0,0,0,0,0,0,0,0,0,1
"Long Meadow Pond","combined","comb","Bethlehem",41.6537,73.2104,"CT","CAES","Y",40.47,2.168,2.134,"N",0,0,0,0,0,0,0,0,0,0,0,0,0,0,31,0,31,2,0.0964,0.0384,2,6.925,0.575,2,88.05,6.45,2,0.05065,0.04915,2,24.55,0.85,2,17.8125,0.9375,2,1.85,0.25,1,0,1,0,0,0,0,0,0,1,1,1,0,0,1,0,0,0,1,0,0,0,1,1,0,0,0,0,0,1,0,0,0,0,0,0,0,0,0,0,0,0,1,0,0,0,0,0,0,0,0,0,0,0,0,1,0,1,1,0,0,1,1,0,0,0,0,0,0,0,0,0,0,1,0,1,0,1,0,1,1,1,0,0,0,0,0,0,0,0,0,0,0,0,0,0,1,0,0,0,0,0,0,0,0,1,0,0,0,1,0,0,0,0,1,1,1,0,1,0,0,0,1,1,0,0
"Lower Moodus Reservoir","combined","comb","Moodus",41.5145,72.422,"CT","CAES","Y",50.99,2.115,4,"Y",1e-04,1e-04,1e-04,1e-04,0,0,1,0,0,0,0,0,0,0,36,1,35,2,0.034,0.029,2,6.025,0.225,2,72.3,6.3,2,0.05065,0.04915,2,28.85,1.85,2,10.325,1.675,2,1.75,0.25,0,0,1,1,1,0,0,0,0,1,1,0,0,1,1,0,0,0,1,0,0,0,0,1,1,0,0,1,0,1,0,0,0,0,0,0,0,0,0,1,0,0,0,0,0,0,0,0,0,1,0,1,0,0,0,1,0,0,0,0,0,1,1,0,0,0,0,0,0,0,0,0,0,1,0,1,0,1,0,1,1,1,0,0,0,0,0,0,0,0,0,1,1,0,0,0,0,0,0,0,0,1,0,0,0,1,0,1,0,1,0,0,0,0,1,0,1,0,0,1,1,0,0,1,0,0
"Lower Pond","9/13/2006","2006","Lyme",41.3928,72.3791,"CT","CAES","N",1.62,1.252,1.7,"N",0,0,0,0,0,0,0,0,0,0,0,0,0,0,17,0,17,2,0.0165,5e-04,2,6.55,0.15,2,54.8,1.3,1,3.5,NA,1,16.6,NA,2,6.3,1.7,1,1.6,NA,0,0,1,0,0,0,0,0,0,0,1,0,0,0,0,0,0,0,0,0,0,0,0,0,0,0,0,0,0,0,0,0,0,0,0,0,0,0,0,0,0,0,1,0,0,0,0,0,1,1,0,0,0,0,1,0,0,0,0,0,0,1,1,0,0,0,0,0,0,0,0,0,1,0,0,0,0,0,0,0,0,0,0,0,0,0,0,0,0,0,0,1,0,0,0,0,0,0,0,1,0,1,0,0,0,1,0,0,0,0,1,0,0,0,1,0,0,0,0,1,0,0,1,0,0,0
"Lucky Pond (Galko Farm Pond)","7/8/2005","2005","Wallingford",41.4647,72.8564,"CT","CAES","Y",0.4,1.776,2.5,"Y",0.0012,0.0012,0.0012,0.0012,0,0,1,0,0,0,0,0,0,0,7,1,6,2,0.1935,0.0125,2,7.1,0.3,2,116,4,1,6.8,NA,1,22.8,NA,2,53.63,2.625,NA,0.7,NA,0,0,0,0,0,0,0,0,0,0,0,1,0,0,0,0,0,0,0,0,0,0,0,0,0,0,0,0,0,0,0,0,0,0,0,0,0,0,0,0,0,0,1,0,0,0,0,0,0,0,0,0,0,0,1,0,0,0,0,0,0,0,0,0,0,0,0,0,0,0,0,0,0,0,0,0,0,0,0,1,0,1,0,0,0,0,1,0,0,0,0,0,0,0,0,0,0,0,0,0,0,0,0,0,0,0,0,0,0,0,0,0,0,0,0,0,0,0,0,0,0,0,0,0,0,0
"Mackenzie Reservoir  2  small","6/30/2005","2005","Wallingford",41.4428,72.7722,"CT","CAES","Y",59.8,1.528,3,"Y",0.1421,0.1421,0.1421,0.1421,0,0,1,0,0,0,1,0,0,1,11,3,8,2,0.0715,0.0055,2,6.75,0.05,2,183.5,6.5,1,6,NA,1,23.2,NA,2,62.65,4.15,NA,0.9,NA,0,0,0,0,0,0,0,0,0,1,0,0,0,0,0,0,0,0,0,0,0,0,0,1,0,0,0,0,0,0,0,0,0,0,0,0,0,0,0,0,0,0,0,0,0,0,0,0,0,0,0,0,0,0,1,0,0,0,0,0,0,0,0,0,0,0,0,0,0,0,0,1,0,0,0,0,0,0,0,1,0,1,0,1,0,0,0,0,0,0,0,0,0,0,0,0,0,0,0,0,0,0,0,0,0,0,0,1,0,0,0,0,0,0,0,0,0,0,0,0,0,0,0,0,0,0
"Mamanasco Lake","combined","comb","Ridgefield",41.3201,73.5272,"CT","CAES","Y",35.7,1.674,3.353,"Y",4e-04,7e-04,7e-04,1e-04,0,0,1,0,0,0,0,0,0,0,11,1,10,2,0.0524,0.0177,2,7.8,0.1,2,271.25,30.75,2,0.05065,0.04915,2,24.4,2.8,2,75.1875,0.1875,2,1.4,0.6,0,0,0,0,0,0,0,0,0,1,0,0,0,0,0,0,0,0,1,0,0,0,0,0,0,0,0,0,0,0,0,0,0,0,0,0,0,0,0,1,0,0,0,0,0,0,0,0,0,0,0,0,0,0,1,0,0,0,1,0,0,1,1,0,0,0,0,0,0,0,0,0,0,1,0,0,0,0,0,1,0,0,0,0,0,0,0,0,0,0,0,0,1,0,0,0,0,0,0,0,0,0,0,0,0,0,0,0,0,0,0,0,0,0,0,0,0,0,0,0,0,0,0,0,0,0
"Merriman Pond","9/8/2005","2005","Watertown",41.6347,73.1139,"CT","CAES","N",14.37,2.145,3,"N",0,0,0,0,0,0,0,0,0,0,0,0,0,0,8,0,8,2,0.0395,0.0105,2,6,0,2,100.5,40.5,1,4.8,NA,1,22.4,NA,2,33.75,22.5,1,1.5,NA,0,0,1,1,0,0,0,0,0,1,0,0,0,0,0,0,0,0,0,0,0,0,0,0,0,0,0,0,0,0,0,0,0,0,0,0,0,0,0,0,0,0,0,0,0,0,0,0,0,1,0,0,0,0,0,0,0,0,0,0,0,0,0,0,0,0,0,0,0,0,0,0,0,0,0,0,0,0,0,0,1,0,0,0,0,0,0,0,0,0,0,0,0,0,0,0,0,0,0,0,0,0,0,0,0,0,0,0,0,0,0,0,0,0,1,0,0,0,0,1,1,0,0,0,0,0
"Messerschmidt Pond","8/16/2005","2005","Deep River, Westbrook",41.3388,72.4838,"CT","CAES","N",29.54,1.924,4.877,"N",0,0,0,0,0,0,0,0,0,0,0,0,0,0,19,0,19,2,0.0355,0.0095,2,6.2,0.2,2,130,65,1,5.5,NA,1,27.4,NA,2,46.13,39.375,1,2.8,NA,0,0,1,1,0,0,0,0,0,0,0,0,0,0,0,0,1,0,0,1,0,0,0,0,1,0,0,1,0,0,0,0,0,0,0,0,0,0,0,0,0,0,0,0,0,0,0,0,0,1,0,0,0,0,0,0,0,0,0,0,0,1,1,0,0,0,1,0,0,0,0,0,0,0,0,0,0,1,0,0,1,0,0,0,0,0,0,0,0,0,0,1,1,0,0,0,0,0,0,0,0,0,0,0,0,0,0,0,0,0,0,0,0,0,0,1,0,0,1,1,1,0,1,0,0,0
"Mill Pond Park","9/4/2009","2009","Newington",41.6947,72.73,"CT","CAES","Y",1.46,1.397,2.8,"Y",0.3566,0.4938,0.4938,0.2195,0,1,1,0,0,0,0,0,0,0,5,2,3,2,0.1205,0.0125,2,6.85,0.05,2,361,9,1,7.9,NA,1,20.9,NA,2,180.4,7.9,NA,1.2,NA,0,0,0,0,0,0,0,0,0,1,0,0,0,0,0,0,0,0,0,0,0,0,0,1,0,1,0,0,0,0,0,0,0,0,0,0,0,0,0,0,0,0,0,0,0,0,0,0,0,0,0,0,0,0,0,0,0,0,0,0,0,0,0,0,0,0,0,0,0,0,0,0,0,0,1,0,0,0,0,1,0,0,0,0,0,0,0,0,0,0,0,0,0,0,0,0,0,0,0,0,0,0,0,0,0,1,0,0,0,0,0,0,0,0,0,0,0,0,0,0,0,0,0,1,0,0
"Millers Pond","8/22/2005","2005","Durham",41.4773,72.6328,"CT","CAES","N",13.19,1.69,5.49,"N",0,0,0,0,0,0,0,0,0,0,0,0,0,0,6,0,6,2,0.006,0.003,2,5.35,0.05,2,24,0,1,7.1,NA,1,26.3,NA,2,1.13,0.375,1,4,NA,0,0,0,0,0,0,0,0,0,0,0,1,0,0,0,0,0,0,0,1,0,0,0,0,0,0,0,1,0,1,0,0,0,0,0,0,0,0,0,0,0,0,0,0,0,0,0,0,0,0,0,1,0,0,0,0,0,0,0,0,0,0,0,0,0,0,0,0,0,0,0,0,0,0,0,0,0,0,0,0,0,0,0,0,0,0,0,0,0,0,0,0,1,0,0,0,0,0,0,0,0,0,0,0,0,0,0,0,0,0,0,0,0,0,0,0,0,0,0,0,0,0,0,0,0,0
"Mills Pond, Lower","7/27/2005","2005","Canton",41.8242,72.9114,"CT","CAES","Y",0.4,1.115,1.5,"Y",0.77,1,1,0.54,0,0,0,0,0,0,0,0,1,0,8,1,7,2,0.0455,0.0145,2,6.2,0.1,2,125,2,1,4.6,NA,1,28.6,NA,2,27.38,0.375,NA,1,NA,0,0,0,0,0,0,0,0,0,1,0,0,0,0,0,0,0,0,0,0,0,0,0,1,0,0,0,0,0,0,0,0,0,0,0,0,0,0,0,0,0,0,0,0,0,0,0,0,0,0,0,0,0,0,1,0,0,1,0,0,0,0,1,0,0,0,0,0,0,0,0,0,0,0,0,0,0,0,0,0,0,0,0,0,0,0,0,0,0,0,0,0,1,0,0,0,0,0,0,0,0,0,0,0,0,0,0,0,0,0,0,0,0,0,1,0,0,0,0,0,0,0,0,0,0,0
"Mills Pond, Upper","7/27/2005","2005","Canton",41.8266,72.9141,"CT","CAES","Y",1.78,1.581,1.5,"Y",0.24,0.24,0.24,0.24,0,0,1,0,0,0,1,0,0,0,10,2,8,2,0.105,0.051,2,6,0.1,2,149,11,1,0.3,NA,1,23.9,NA,2,33,5.25,NA,1,NA,0,0,1,0,0,0,0,0,0,1,0,0,0,0,0,0,0,0,0,0,0,0,0,1,0,0,0,0,0,0,0,0,0,0,0,0,0,0,0,0,0,0,1,0,0,0,0,0,0,0,0,0,0,0,0,0,0,0,0,0,0,0,1,0,0,0,0,0,0,0,0,0,0,0,0,0,0,0,0,0,0,0,0,0,0,0,0,0,0,0,0,0,1,0,0,0,0,0,1,0,0,0,0,0,0,0,0,0,0,0,0,0,0,0,1,0,0,0,0,0,0,0,0,0,0,0
"Mohawk Pond","9/13/2005","2005","Cornwall, Goshen",41.8114,73.2929,"CT","CAES","N",6.56,1.12,8,"N",0,0,0,0,0,0,0,0,0,0,0,0,0,0,18,0,18,2,0.018,0.009,2,5.7,0.3,2,35.85,4.15,1,7.6,NA,1,24.2,NA,2,9,3,1,5.4,NA,0,0,1,0,0,0,0,0,0,0,0,0,0,0,0,0,0,0,0,0,0,0,0,1,1,0,0,0,0,0,0,0,0,0,0,0,0,0,0,0,0,0,0,0,0,0,0,0,0,0,0,1,0,0,0,0,1,0,0,0,0,1,1,0,0,0,0,0,0,0,0,0,0,0,0,1,0,1,0,0,1,0,0,0,0,0,1,0,0,0,0,0,0,0,0,0,0,0,0,0,0,1,0,0,0,0,0,0,0,0,0,1,0,0,1,1,0,0,0,1,1,0,1,0,0,0
"Mono Pond","9/19/2012","2012","Columbia",41.6766,72.3112,"CT","CAES","N",41.28,2.128,2,"N",0,0,0,0,0,0,0,0,0,0,0,0,0,0,15,0,15,2,0.0132,4e-04,2,6.15,0.05,2,23.1,18.9,1,7.4,NA,1,20.4,NA,2,6.75,0,1,2,NA,0,0,1,1,0,0,0,0,0,0,0,0,0,1,0,0,0,0,1,0,0,0,0,1,0,0,0,0,0,0,0,0,0,0,0,0,0,0,0,0,0,0,0,0,0,0,0,0,0,1,0,0,0,0,0,0,0,0,0,0,0,1,1,0,0,0,0,0,0,0,0,0,0,0,0,0,0,1,0,0,0,1,0,0,0,0,0,0,0,0,0,1,0,0,0,0,0,0,0,0,0,0,0,0,0,0,0,0,0,0,0,0,0,0,1,0,1,0,0,1,1,0,0,0,0,0
"Moosup Pond","combined","comb","Plainfield",41.7343,71.8668,"CT","CAES","Y",38.77,1.21,6,"N",0,0,0,0,0,0,0,0,0,0,0,0,0,0,32,0,32,2,0.1089,0.0944,2,6.225,0.275,2,53.075,0.425,2,0.05065,0.04915,2,28.1,0.4,2,11.375,1.375,2,2.95,0.95,0,0,1,0,1,0,0,0,0,1,1,0,0,0,0,0,1,0,0,1,0,0,0,1,1,0,1,1,0,0,0,0,0,0,0,0,0,0,0,0,0,0,0,0,0,0,0,0,0,1,1,0,1,0,0,1,0,0,0,0,0,1,1,0,0,0,1,0,0,0,0,0,0,1,0,0,0,1,0,0,1,1,0,1,0,0,0,0,0,0,0,1,0,0,0,1,0,0,0,0,0,0,0,0,0,0,0,0,0,0,0,1,0,0,1,1,0,0,0,1,1,1,1,1,0,0
"Morey Pond","8/23/2005","2005","Ashford, Union",41.9601,72.1922,"CT","CAES","N",18.13,2.461,3.5,"N",0,0,0,0,0,0,0,0,0,0,0,0,0,0,24,0,24,2,0.0155,5e-04,2,5.7,0.1,2,227.5,0.5,1,7.5,NA,1,24.8,NA,2,7.88,0.375,1,3.5,NA,0,0,1,0,0,0,0,0,0,0,0,1,0,0,0,0,1,0,0,1,0,0,0,1,1,0,0,1,0,0,0,0,1,0,0,0,0,1,0,0,0,0,0,0,0,0,0,0,0,0,0,1,0,0,0,1,0,0,0,0,0,1,1,0,0,0,0,0,0,0,0,0,0,0,0,0,0,1,0,0,1,0,0,0,0,0,1,0,0,0,0,0,1,0,0,0,0,0,0,1,0,0,0,0,0,1,0,0,0,0,0,1,0,0,1,0,0,0,0,1,1,0,1,0,0,0
"Muddy Pond","6/20/2013","2013","Woodstock",42.0219,72.0305,"CT","CAES","N",15.41,1.669,3,"N",0,0,0,0,0,0,0,0,0,0,0,0,0,0,14,0,14,2,0.0109,0.0017,2,6.55,0.05,2,84,1,1,8.5,NA,1,22.7,NA,2,14.65,0.35,1,2.5,NA,0,0,1,0,0,0,0,0,0,0,0,0,0,0,1,0,0,0,1,0,0,0,0,0,1,0,0,1,0,1,0,0,0,0,0,0,0,0,0,1,0,0,0,0,0,0,0,0,0,1,0,0,0,0,0,0,0,0,0,0,0,1,1,0,0,0,0,0,0,0,0,0,0,1,0,0,0,0,0,0,0,0,0,0,0,0,0,0,0,0,0,0,0,0,0,0,0,0,0,1,0,0,0,0,0,0,0,0,0,0,0,0,0,0,1,0,1,0,0,0,0,0,0,0,0,0
"Mystic Seaport Pond","9/8/2006","2006","Mystic",41.3631,71.9629,"CT","CAES","N",0.12,1.255,2,"N",0,0,0,0,0,0,0,0,0,0,0,0,0,0,9,0,9,2,0.024,0.009,2,6.8,0.1,2,123.5,0.5,1,9.5,NA,1,24.4,NA,2,26.5,3.5,1,1.5,NA,0,0,0,0,0,0,0,0,0,0,0,0,0,0,0,0,0,0,0,0,0,0,0,0,0,0,0,0,1,0,0,0,0,0,0,0,0,0,0,0,0,0,1,0,0,0,0,0,0,0,0,0,0,0,0,0,0,0,0,0,0,1,1,0,0,0,0,0,0,0,0,0,0,1,0,0,0,0,0,0,0,0,0,0,0,0,1,0,0,0,0,0,0,0,0,0,0,0,0,0,0,0,0,1,0,0,0,0,0,1,0,1,0,0,0,0,0,0,0,0,0,0,0,0,0,0
"Nichols Pond","6/29/2005","2005","Oxford",41.4171,73.1369,"CT","CAES","N",5.14,1.373,1.5,"Y",2e-04,2e-04,2e-04,2e-04,0,0,1,0,0,0,0,0,0,0,9,1,8,2,0.0525,0.0085,2,5.25,0.05,2,77.65,3.85,1,5,NA,1,26.8,NA,2,4.5,1.5,1,0.9,NA,0,0,1,0,0,0,1,0,0,0,0,0,0,0,0,0,0,0,0,0,0,0,0,0,0,0,0,0,0,0,0,0,0,0,0,0,0,0,0,0,0,0,0,0,0,0,0,0,0,0,0,1,0,0,0,0,0,0,0,0,0,1,1,0,0,0,0,0,0,0,0,0,0,0,0,0,0,1,0,0,0,0,0,0,0,0,0,0,0,0,0,0,0,0,0,0,0,0,0,0,0,0,0,0,0,0,0,0,0,0,0,0,0,0,1,0,0,0,0,0,0,0,1,0,0,0
"North Farms Reservoir","9/9/2009","2009","Wallingford",41.4854,72.7795,"CT","CAES","Y",26.06,1.361,2,"Y",0.0504,0.0504,0.0504,0.0504,0,0,1,0,0,0,1,1,0,0,9,3,6,2,0.073,0.007,2,7.2,0.1,2,118.5,5.5,1,3.5,NA,1,19.4,NA,2,131.65,2.65,NA,1.1,NA,0,0,0,0,0,0,0,0,0,1,0,0,0,0,0,0,0,0,0,0,0,0,1,1,0,0,0,0,0,0,0,0,0,0,0,0,0,0,0,0,0,0,0,0,0,0,0,0,0,0,0,0,0,0,0,0,0,0,1,0,0,0,1,0,0,0,0,0,0,0,0,0,0,0,0,0,0,0,0,0,0,0,0,0,0,0,0,0,0,0,0,0,1,0,0,0,0,0,0,0,0,0,0,0,0,0,0,0,0,0,0,0,0,0,0,0,0,0,0,0,0,0,0,0,0,0
"North Pond (Laurelwood Lake)","9/23/2005","2005","Madison",41.3567,72.6281,"CT","CAES","N",3.28,1.638,1.3,"N",0,0,0,0,0,0,0,0,0,0,0,0,0,0,12,0,12,2,0.044,0.019,2,6,0,2,154,0,1,5.9,NA,1,22.6,NA,2,17.63,0.375,1,1.3,NA,0,0,1,0,1,0,0,0,0,0,0,0,0,0,0,0,0,0,0,0,0,0,0,0,0,0,0,0,0,0,0,0,0,0,0,0,0,0,0,0,0,0,1,0,0,0,0,0,0,0,0,1,0,0,0,1,0,0,0,0,0,0,1,0,0,0,0,0,0,0,0,0,0,0,0,0,0,0,0,0,1,0,0,0,0,0,1,0,0,0,0,0,1,0,0,0,0,0,0,0,0,0,0,0,0,1,0,0,0,0,0,0,0,0,1,0,0,0,0,0,1,0,0,0,0,0
"Oakwood Pond","7/14/2006","2006","Guilford",41.3306,72.7318,"CT","CAES","N",0.2,1.592,1.8,"Y",0.008,0.008,0.008,0.008,0,0,1,0,0,0,0,0,0,0,13,1,12,2,0.091,0.007,2,6.6,0.1,2,148.5,3.5,NA,NA,NA,NA,NA,NA,2,22.9,0.4,1,1,NA,0,0,0,0,0,0,1,0,0,0,1,0,0,0,0,0,1,0,0,1,1,0,0,0,0,0,0,0,0,0,0,0,0,0,0,0,0,0,0,0,0,0,1,0,0,0,0,0,0,0,0,0,0,0,0,1,0,0,0,0,0,0,1,0,0,0,0,0,0,0,1,0,0,0,0,0,0,1,0,0,0,0,0,0,0,0,0,0,0,0,0,0,0,0,0,0,0,0,0,0,0,0,0,0,0,0,0,0,0,1,0,0,0,0,1,0,0,0,0,0,0,0,0,0,0,0
"One Acre Pond","6/16/2011","2011","Madison",41.2948,72.6244,"CT","CAES","N",0.4,1.118,3,"Y",0.6611,0.6611,0.6611,0.6611,0,0,0,0,0,0,0,1,0,0,9,1,8,2,0.0425,0.0155,2,6.75,0.45,2,294,9,1,10.4,NA,1,23.4,NA,2,45.05,2.25,1,1.8,NA,0,0,0,0,0,0,0,0,0,0,0,1,0,0,0,0,0,0,0,0,0,0,0,0,0,0,0,0,0,0,0,0,0,0,0,0,1,0,0,0,0,0,1,0,0,0,0,0,0,0,0,0,0,0,0,0,0,0,0,0,0,0,1,0,0,0,0,0,0,0,0,0,0,1,0,0,0,0,0,0,0,1,0,0,0,0,0,0,0,0,0,0,0,0,0,0,0,0,0,0,0,0,0,0,0,0,0,0,0,1,0,1,0,0,0,0,0,0,0,0,0,0,0,0,0,0
"Paderewski Park Pond","8/24/2005","2005","Plainville",41.6827,72.848,"CT","CAES","N",6.39,1.188,2,"N",0,0,0,0,0,0,0,0,0,0,0,0,0,0,6,0,6,2,0.043,0.005,2,6.35,0.05,2,144,0,1,9,NA,1,25.3,NA,2,30.75,0.75,1,0.9,NA,0,0,0,0,0,0,0,0,0,0,0,0,0,0,0,0,0,0,0,0,0,0,0,1,0,0,0,0,0,0,0,0,0,0,0,0,0,0,0,0,0,0,0,0,0,0,0,0,0,0,0,0,0,0,1,1,0,0,1,0,0,0,0,0,0,0,0,0,0,0,0,0,0,0,0,1,0,0,0,0,0,0,0,0,0,0,0,0,0,0,0,0,1,0,0,0,0,0,0,0,0,0,0,0,0,0,0,0,0,0,0,0,0,0,0,0,0,0,0,0,0,0,0,0,0,0
"Pattaganset Lake","combined","comb","East Lyme",41.3741,72.2303,"CT","CAES","Y",51.8,2.396,10.058,"Y",0.009,0,0.018,0,0,0,0,0,0,0,1,0,0,0,38,1,37,2,0.0078,0.0014,2,6.6,0.25,2,69.5,16.5,2,0.05065,0.04915,2,30.35,1.05,2,13.375,2.375,2,2.45,0.15,0,0,1,0,1,0,0,0,0,1,1,1,0,0,1,0,0,0,1,0,0,0,0,1,1,0,0,0,0,1,0,0,0,0,0,0,0,0,0,1,0,0,1,0,0,0,0,0,0,1,0,0,1,0,0,1,0,0,0,0,0,1,1,0,0,0,0,0,0,1,0,0,0,1,0,0,0,1,0,0,1,0,0,0,0,0,1,0,1,0,0,1,1,0,0,1,1,0,0,0,0,1,0,0,0,0,0,0,0,1,0,1,0,0,1,1,1,0,0,1,1,0,1,1,0,0
"Pinewood Lake","8/31/2011","2011","Trumbull",41.2556,73.1758,"CT","CAES","Y",24.36,1.967,4.2,"N",0,0,0,0,0,0,0,0,0,0,0,0,0,0,13,0,13,2,0.024,0.001,2,6.45,0.05,2,124,9,1,6.5,NA,1,22.3,NA,2,15,0,NA,1.3,NA,0,0,0,0,1,0,0,0,0,0,0,0,0,0,1,0,0,0,1,0,0,0,0,0,0,0,0,0,0,1,0,0,0,0,0,0,0,0,0,1,0,0,0,0,0,0,0,0,0,0,0,1,0,0,0,1,0,0,1,0,0,1,0,0,0,0,0,0,0,0,0,0,0,0,0,0,0,1,0,0,1,0,0,0,0,0,0,0,0,0,0,0,1,0,0,0,0,0,0,0,0,0,0,0,0,0,0,0,0,0,0,0,0,0,0,0,0,0,0,0,0,0,0,1,0,0
"Pistapaug Pond","6/29/2005","2005","Wallingford",41.4324,72.7416,"CT","CAES","N",55.2,1.479,12,"N",0,0,0,0,0,0,0,0,0,0,0,0,0,0,12,0,12,2,0.0155,0.0015,2,6.75,0.05,2,152.5,1.5,1,8.7,NA,1,25.3,NA,2,46.5,0,1,3.2,NA,0,0,0,0,0,0,0,0,0,1,0,0,0,0,0,0,0,0,0,1,0,0,0,0,0,0,0,0,0,0,0,0,0,0,0,0,0,0,0,0,0,0,0,0,0,0,0,0,0,0,0,0,0,0,1,1,0,0,0,0,0,1,0,0,0,0,0,0,0,0,0,1,0,0,0,1,0,1,0,0,0,0,0,1,1,0,0,0,0,0,0,0,1,0,0,0,0,0,0,0,0,1,0,0,0,0,0,0,0,0,0,0,0,0,0,0,0,0,0,0,0,0,0,0,0,0
"Pocotopaug Lake","8/16/2006","2006","East Hampton",41.5978,72.4958,"CT","CAES","N",206.79,1.604,7,"N",0,0,0,0,0,0,0,0,0,0,0,0,0,0,2,0,2,2,0.0615,0.0415,2,6,0.1,2,107.5,11.5,1,7.1,NA,1,25.1,NA,2,13.9,8.6,1,0.5,NA,0,0,0,0,0,0,0,0,0,0,0,0,0,0,0,0,0,0,0,0,0,0,0,0,0,0,0,0,0,0,0,0,0,0,0,0,0,0,0,0,0,0,0,0,0,0,0,0,0,0,0,0,0,0,0,1,0,0,0,0,0,0,0,0,0,0,0,0,0,0,0,0,0,0,0,0,0,0,0,0,0,0,0,0,0,0,0,0,0,0,0,0,0,0,0,0,0,0,0,0,0,0,0,0,0,0,0,0,0,0,0,0,0,0,0,0,0,0,0,0,0,0,0,1,0,0
"Powers Lake","7/6/2007","2007","East Lyme",41.3926,72.2491,"CT","CAES","N",58.27,1.982,14,"N",0,0,0,0,0,0,0,0,0,0,0,0,0,0,21,0,21,2,0.016,0.003,2,7,0,2,23.15,0.25,1,7.7,NA,1,25.7,NA,2,2.3,0,1,3,NA,0,0,1,1,0,0,0,0,0,0,0,0,1,0,0,0,1,0,1,0,0,0,0,0,0,0,0,1,0,1,0,0,0,0,0,0,0,0,0,0,0,0,0,0,0,0,0,0,0,1,0,0,0,0,0,1,0,0,0,0,0,1,1,0,0,0,0,0,0,0,0,0,0,1,0,0,0,1,0,0,0,1,0,0,0,0,0,0,0,0,0,1,0,0,0,0,0,0,0,0,0,1,0,0,0,0,0,0,0,0,0,1,0,0,1,0,0,0,0,1,1,0,1,0,0,0
"Private Pond (1)","6/29/2011","2011","Pawcatuck",41.3805,71.8605,"CT","CAES","N",1.01,1.234,3,"N",0,0,0,0,0,0,0,0,0,0,0,0,0,0,13,0,13,2,0.009,0.005,2,6.65,0.25,2,79.6,8.1,1,8.1,NA,1,28.6,NA,2,30.4,6.4,1,3,NA,0,0,0,0,1,0,0,0,0,0,0,0,0,0,1,0,0,0,1,0,0,0,0,0,0,0,0,0,0,0,0,0,0,0,0,0,0,0,0,0,0,0,1,0,0,0,0,0,0,0,0,0,0,0,1,0,0,0,1,0,0,0,0,0,0,0,0,0,0,0,0,1,0,0,0,0,0,1,0,0,0,0,0,0,0,0,0,0,0,1,1,0,0,0,0,0,0,0,0,0,0,0,0,0,0,1,0,0,0,1,0,0,0,0,1,0,0,0,0,0,0,0,0,0,0,0
"Private Pond (2)","6/29/2011","2011","Pawcatuck",41.3793,71.861,"CT","CAES","N",0.2,1.066,3,"N",0,0,0,0,0,0,0,0,0,0,0,0,0,0,5,0,5,2,0.0295,0.0015,2,6.5,0.2,2,113.9,18.1,1,6,NA,1,24.2,NA,2,21.4,7.9,1,1,NA,0,0,0,0,1,0,0,0,0,0,0,0,0,0,0,0,0,0,1,0,0,0,0,0,0,0,0,0,0,0,0,0,0,0,0,0,0,0,0,0,0,0,1,0,0,0,0,0,0,0,0,0,0,0,0,0,0,0,0,0,0,0,1,0,0,0,0,0,0,0,0,1,0,0,0,0,0,0,0,0,0,0,0,0,0,0,0,0,0,0,0,0,0,0,0,0,0,0,0,0,0,0,0,0,0,0,0,0,0,0,0,0,0,0,0,0,0,0,0,0,0,0,0,0,0,0
"Private Pond (3)","8/31/2012","2012","Westport",41.17,73.3564,"CT","CAES","N",0.4,1.064,2.1,"Y",0.8302,1,1,0.6605,1,0,1,0,0,0,1,1,0,0,5,4,1,1,0.1186,NA,1,6.3,NA,1,174,NA,1,0.2,NA,1,21,NA,1,30.75,NA,1,2.1,NA,0,0,0,0,0,0,0,0,0,0,1,0,0,0,0,0,0,0,0,0,0,0,0,0,0,0,0,0,0,0,0,0,0,0,0,0,0,0,0,0,0,0,0,0,0,0,0,0,0,0,0,0,0,0,0,0,0,0,0,0,0,0,0,0,0,0,0,0,0,0,0,0,0,0,0,0,0,0,0,0,0,0,0,0,0,0,0,0,0,0,0,0,0,0,0,0,0,0,0,0,0,0,0,0,0,0,0,0,0,0,0,0,0,0,0,0,0,0,0,0,0,0,0,0,0,0
"Private Pond (4)","6/25/2012","2012","Lyme",41.4219,72.333,"CT","CAES","N",0.01,1.047,0.8,"N",0,0,0,0,0,0,0,0,0,0,0,0,0,0,1,0,1,1,0.0102,NA,1,5.9,NA,1,29,NA,1,8.8,NA,1,19.2,NA,1,5.3,NA,1,0.8,NA,0,0,0,0,1,0,0,0,0,0,0,0,0,0,0,0,0,0,0,0,0,0,0,0,0,0,0,0,0,0,0,0,0,0,0,0,0,0,0,0,0,0,0,0,0,0,0,0,0,0,0,0,0,0,0,0,0,0,0,0,0,0,0,0,0,0,0,0,0,0,0,0,0,0,0,0,0,0,0,0,0,0,0,0,0,0,0,0,0,0,0,0,0,0,0,0,0,0,0,0,0,0,0,0,0,0,0,0,0,0,0,0,0,0,0,0,0,0,0,0,0,0,0,0,0,0
"Private Pond (5) Lower/West","9/4/2012","2012","Suffield",42.0026,72.6469,"CT","CAES","N",0.28,1.285,0.5,"Y",1,1,1,1,1,0,0,0,0,0,0,0,0,0,3,1,2,1,1.4246,NA,1,6.6,NA,1,336,NA,1,0.2,NA,1,20.1,NA,1,122.25,NA,1,0.5,NA,0,0,0,0,0,0,0,0,0,0,0,0,0,0,0,0,0,0,0,0,0,0,0,0,0,0,0,0,0,0,0,0,0,0,0,0,0,0,0,0,0,0,0,0,0,0,0,0,0,0,0,0,0,0,0,0,0,0,0,0,0,0,0,0,0,0,0,0,0,1,0,0,0,0,0,0,0,0,0,0,0,0,0,0,0,0,0,0,0,0,0,0,0,0,0,0,0,0,0,0,0,0,0,0,0,0,0,0,0,1,0,0,0,0,0,0,0,0,0,0,0,0,0,0,0,0
"Private Pond (5) Upper/East","9/4/2012","2012","Suffield",42.0027,72.6465,"CT","CAES","N",0.12,1.058,0.5,"Y",1,1,1,1,1,0,0,0,0,0,0,1,0,0,4,2,2,1,0.2035,NA,1,6.4,NA,1,184,NA,1,0.2,NA,1,20.4,NA,1,37.5,NA,1,0.5,NA,0,0,0,0,0,0,0,0,0,0,0,0,0,0,0,0,0,0,0,0,0,0,0,0,0,0,0,0,0,0,0,0,0,0,0,0,0,0,0,0,0,0,0,0,0,0,0,0,0,0,0,0,0,0,0,0,0,0,0,0,0,0,1,0,0,0,0,0,0,0,0,0,0,0,0,0,0,0,0,0,0,0,0,0,0,0,0,0,0,0,0,0,0,0,0,0,0,0,0,0,0,0,0,0,0,0,0,0,0,1,0,0,0,0,0,0,0,0,0,0,0,0,0,0,0,0
"Private Pond (6)","8/13/2013","2013","Clinton",41.3354,72.5237,"CT","CAES","N",0.12,1.285,0.5,"N",0,0,0,0,0,0,0,0,0,0,0,0,0,0,12,0,12,2,0.0934,0.0425,2,5.7,0.1,2,35,3,1,2.8,NA,1,25.4,NA,2,7.875,0.375,1,1,NA,0,0,1,0,0,0,0,0,0,0,0,0,0,0,0,0,0,0,1,0,0,0,0,0,0,0,0,0,0,0,0,0,0,0,0,0,0,0,0,1,0,0,0,0,0,0,0,0,0,0,0,0,0,0,0,1,0,0,0,0,0,1,1,0,0,0,0,0,0,0,0,0,0,1,1,0,0,0,0,0,1,0,0,0,0,0,1,0,0,0,0,1,0,0,0,0,0,0,0,0,0,0,0,0,0,0,0,0,0,0,0,0,0,0,0,0,0,0,0,0,1,0,0,0,0,0
"Putnam Park Pond","9/27/2011","2011","Easton",41.3388,73.3776,"CT","CAES","N",5.67,2.103,2.5,"Y",0.0011,0.0011,0.0011,0.0011,0,0,0,1,0,0,0,0,0,0,17,1,16,2,0.02,0,2,6.2,0,2,106.5,17.5,1,6.2,NA,1,21.7,NA,2,26.3,4.5,1,1.5,NA,0,0,0,0,1,0,0,0,0,0,1,0,0,0,0,0,0,0,0,0,0,0,1,0,0,0,0,0,0,0,0,0,0,0,0,0,0,0,0,0,0,0,0,0,0,0,0,0,0,0,0,0,0,1,1,0,0,0,0,0,1,1,1,0,0,0,0,0,1,0,1,0,0,1,0,1,0,0,0,0,0,0,0,0,0,0,0,0,0,0,0,0,0,0,0,0,0,0,0,0,0,0,0,0,0,0,0,0,0,1,0,0,0,0,1,0,1,0,0,1,0,0,0,0,0,0
"Quaddick Reservoir","9/6/2007","2007","Thompson",41.9597,71.8163,"CT","CAES","N",165.11,2.553,6.096,"N",0,0,0,0,0,0,0,0,0,0,0,0,0,0,22,0,22,2,0.0065,0.0035,2,6,0,2,52.05,6.25,1,4.2,NA,1,23.3,NA,2,3.75,0.75,1,2.8,NA,0,0,1,1,0,0,0,0,0,0,0,0,0,0,0,0,0,0,1,0,0,0,0,0,1,0,0,1,0,0,0,0,0,0,0,0,1,0,0,0,0,0,0,0,0,0,0,0,0,1,0,1,0,0,0,1,0,0,0,0,0,1,1,0,0,0,0,0,0,0,0,0,0,1,0,0,0,1,0,0,1,0,0,0,0,0,1,0,0,0,0,1,1,0,0,0,0,0,0,0,0,0,0,0,0,1,0,0,0,0,0,1,0,0,0,0,0,0,0,1,0,0,1,1,0,0
"Quassapaug Lake","7/26/2011","2011","Middlebury",41.5318,73.1533,"CT","CAES","N",119.79,2.489,10,"Y",0.0021,0.0021,0.0021,0.0021,0,0,0,0,0,0,1,1,0,0,25,2,23,NA,NA,NA,2,6.1,0.1,2,67.7,0.1,1,6.7,NA,1,26.5,NA,1,10.5,NA,1,4,NA,0,0,1,0,1,0,0,0,0,1,0,0,0,0,1,0,0,0,1,0,0,0,0,0,0,0,0,0,0,1,0,0,0,0,0,0,0,0,0,0,0,0,0,0,0,0,0,0,0,1,0,0,0,0,1,0,0,1,0,0,0,1,1,0,0,0,0,0,0,0,0,0,0,1,0,0,0,1,0,0,1,1,0,0,0,0,1,0,0,0,0,1,1,0,0,0,0,0,0,0,0,0,0,0,0,0,0,0,0,NA,0,0,0,1,1,0,0,0,0,1,1,0,1,0,0,0
"Quonnipaug Lake","7/8/2010","2010","Guilford",41.3925,72.6974,"CT","CAES","Y",39.94,2.353,14,"Y",0.0034,0.0034,0.0034,0.0034,0,0,1,1,0,0,1,0,0,0,21,3,18,2,0.0026,0,3,7.25,0.85,3,138.5,0.5,1,7.8,NA,1,28.9,NA,2,28.9,0.4,NA,3,NA,0,0,1,1,0,0,0,0,0,1,0,0,0,0,0,0,0,0,0,0,0,0,0,1,0,0,0,0,0,0,0,0,0,0,0,0,0,0,0,1,0,0,0,0,1,0,0,0,0,1,0,0,0,0,1,0,0,0,0,0,0,1,1,0,0,0,1,0,0,0,0,0,0,1,0,1,0,0,0,1,0,1,0,0,0,0,0,0,0,0,0,0,0,0,0,1,0,0,1,0,0,1,0,0,0,0,0,0,0,0,0,0,0,0,0,0,0,0,0,0,0,0,0,0,0,0
"Redwing Pond","7/13/2009","2009","Ansonia",41.3444,73.0525,"CT","CAES","N",0.49,1.152,1,"Y",0.0173,0.0173,0.0173,0.0173,0,0,1,0,0,0,1,0,0,0,10,2,8,2,0.018,0,2,5.95,0.05,2,57.95,2.85,1,12.1,NA,1,19.9,NA,2,22.15,1.85,1,1.1,NA,0,0,0,0,1,0,1,1,0,1,0,0,0,0,0,0,0,0,0,0,0,0,0,0,0,1,0,0,0,0,0,0,0,0,0,0,0,0,0,0,0,0,0,0,0,0,0,0,0,0,0,0,0,0,0,0,0,1,0,0,0,0,0,0,0,0,0,0,0,0,0,0,0,0,0,0,0,1,0,0,0,0,0,0,0,0,0,0,0,0,0,0,1,0,0,0,0,0,0,0,0,0,0,0,0,0,0,0,0,0,0,0,0,0,0,0,0,0,0,0,0,0,0,0,0,0
"Rogers Lake","7/13/2006","2006","Lyme, Old Lyme",41.3642,72.301,"CT","CAES","N",105.22,2.319,19.202,"N",0,0,0,0,0,0,0,0,0,0,0,0,0,0,31,0,31,2,0.0065,5e-04,2,7,0.2,2,47,2,1,7.9,NA,1,28.7,NA,2,6.75,0.75,1,2.3,NA,0,0,1,0,0,0,0,0,0,0,1,1,0,0,0,0,1,0,1,1,0,0,1,0,0,0,1,1,0,0,0,0,0,0,0,0,0,0,1,0,0,0,0,0,0,0,0,0,0,1,0,0,0,0,0,1,0,1,0,0,0,1,1,0,0,0,0,0,0,0,0,1,0,0,0,1,0,1,0,0,1,0,0,0,0,0,1,0,0,0,0,0,1,0,0,1,0,0,0,1,1,1,0,0,0,0,0,0,0,0,0,1,0,0,1,0,0,0,0,1,1,0,1,1,0,0
"Rolling Ridge Pond","combined","comb","Norwalk ",41.1346,73.4223,"CT","CAES","Y",0.4,1.507,2,"Y",0.0144,0.0288,0.0288,0,0,0,1,0,0,0,1,0,0,0,3,2,1,2,0.1688,0.0593,2,6.75,0,2,206,69.5,2,0.05065,0.04915,2,22.4,3.2,2,26.85,8.05,2,0.6,0.1,0,0,0,0,0,0,0,0,0,0,0,0,0,0,0,0,0,0,0,0,0,0,0,0,0,0,0,0,0,0,0,0,0,0,0,0,0,0,0,0,0,0,0,0,0,0,0,0,0,0,0,0,0,0,0,0,0,0,0,0,0,1,0,0,0,0,0,0,0,0,0,0,0,0,0,0,0,0,0,0,0,0,0,0,0,0,0,0,0,0,0,0,0,0,0,0,0,0,0,0,0,0,0,0,0,0,0,0,0,0,0,0,0,0,0,0,0,0,0,0,0,0,0,0,0,0
"Roseland Lake","6/19/2012","2012","Woodstock",41.9509,71.9509,"CT","CAES","N",38.85,1.479,5,"Y",2e-04,2e-04,2e-04,2e-04,0,0,0,0,0,0,1,0,0,0,12,1,11,2,0.2085,0.1264,2,7.25,0.75,2,95,1,1,9.6,NA,1,21.5,NA,2,28.5,6,1,1.5,NA,0,0,0,0,1,0,0,0,0,0,0,0,0,0,0,0,0,0,0,0,0,0,0,1,0,0,0,0,0,0,0,0,0,0,0,0,0,0,0,0,0,0,0,0,0,0,0,0,0,0,0,0,0,0,0,0,0,0,0,0,0,1,1,0,0,0,0,0,1,0,0,0,0,1,0,0,0,0,0,0,1,1,0,0,0,0,0,0,0,0,0,0,0,0,0,1,0,0,0,0,0,1,0,0,0,0,0,0,0,0,0,0,0,0,0,0,0,0,0,0,0,0,0,1,0,0
"Route 7 Pond","8/19/2013","2013","Wilton",41.1789,73.42,"CT","CAES","N",3.56,1.587,5,"N",0,0,0,0,0,0,0,0,0,0,0,0,0,0,4,0,4,2,0.0123,0.0017,2,6.85,0.25,2,291,10,1,9.3,NA,1,23.2,NA,2,42,0,1,2,NA,0,0,0,0,0,0,0,0,0,1,0,0,0,0,0,0,0,0,0,0,0,0,0,1,0,0,0,0,0,0,0,0,0,0,0,0,0,0,0,0,0,0,0,0,0,0,0,0,0,0,0,0,0,0,1,0,0,0,0,0,0,0,0,0,0,0,0,0,0,0,0,0,0,0,0,1,0,0,0,0,0,0,0,0,0,0,0,0,0,0,0,0,0,0,0,0,0,0,0,0,0,0,0,0,0,0,0,0,0,0,0,0,0,0,0,0,0,0,0,0,0,0,0,0,0,0
"Salmon Brook","8/4/2005","2005","Glastonbury",41.718,72.6096,"CT","CAES","N",0.45,1.367,2,"Y",0.0316,0.0316,0.0316,0.0316,0,0,1,0,0,0,0,0,0,0,4,1,3,2,0.0995,0.0175,2,7.7,0.8,2,116,6,1,12.5,NA,1,29.7,NA,2,22.13,1.125,1,0.7,NA,0,0,0,0,0,0,0,0,0,1,0,0,0,0,0,0,0,0,0,0,0,0,0,1,0,1,0,0,0,0,0,0,0,0,0,0,0,0,0,0,0,0,0,0,0,0,0,0,0,0,0,0,0,0,0,0,0,0,0,0,0,0,0,0,0,0,0,0,0,0,0,0,0,0,0,0,0,0,0,0,0,0,0,0,0,0,0,0,0,0,0,0,0,0,0,0,0,0,0,0,0,0,0,0,0,0,0,0,0,0,0,0,0,0,0,0,0,0,0,0,0,0,0,0,0,0
"Schreeder Pond","7/28/2005","2005","Killingworth",41.3684,72.5891,"CT","CAES","N",1.58,1.86,3,"N",0,0,0,0,0,0,0,0,0,0,0,0,0,0,8,0,8,2,0.043,0.006,2,5.95,0.15,2,66.35,10.35,1,6.5,NA,1,26.3,NA,2,12.75,3.75,1,1.7,NA,0,0,1,0,0,0,0,0,0,0,0,0,0,0,0,0,0,0,0,0,0,0,0,0,0,0,0,0,0,0,0,0,0,0,0,0,0,0,0,0,0,0,0,0,0,0,0,0,0,0,0,0,0,0,0,0,0,0,0,0,0,0,1,0,0,0,0,0,0,0,0,0,0,0,0,0,0,0,0,0,1,0,0,0,0,0,1,0,0,0,0,0,1,0,0,0,0,0,0,0,0,0,0,0,0,1,0,0,0,0,0,0,0,0,0,0,0,0,0,1,0,0,1,0,0,0
"Scribner Pond","7/27/2011","2011","Norwalk",41.1091,73.4434,"CT","CAES","N",0.97,1.919,2,"Y",0.6039,0.7105,0.7105,0.4973,0,0,1,0,0,0,0,0,0,0,3,1,2,2,0.5045,0.1995,2,6.15,0.25,2,117.5,10.5,1,8.1,NA,1,27.1,NA,2,34.15,4.15,1,1.5,NA,0,0,0,0,0,0,0,0,0,0,0,1,0,0,0,0,0,0,0,0,0,0,0,0,0,0,0,0,0,0,0,0,0,0,0,0,0,0,0,0,0,0,0,0,0,0,0,0,0,0,0,0,0,0,0,0,0,0,0,0,0,0,0,0,0,0,0,0,0,0,0,0,0,0,0,0,0,0,0,1,0,0,0,0,0,0,0,0,0,0,0,0,0,0,0,0,0,0,0,0,0,0,0,0,0,0,0,0,0,0,0,0,0,0,0,0,0,0,0,0,0,0,0,0,0,0
"Shelton Reservoir #2","7/15/2005","2005","Shelton",41.3193,73.1107,"CT","CAES","N",2.95,1.536,3,"Y",1e-04,1e-04,1e-04,1e-04,0,0,1,0,0,0,0,0,0,0,12,1,11,2,0.0415,0.0175,2,6.4,0.1,2,153,1,1,8.3,NA,1,25.7,NA,2,18,1.5,1,2.2,NA,0,0,0,0,0,0,0,0,0,0,0,0,0,0,0,0,0,0,0,0,0,0,0,1,0,0,0,0,0,0,0,0,0,0,0,0,0,0,0,0,0,0,0,0,0,0,0,0,0,0,0,0,0,0,0,1,1,0,0,0,0,1,0,0,0,0,0,0,0,0,0,0,0,0,0,1,0,1,0,0,0,0,0,0,0,0,0,0,0,0,0,0,1,0,0,0,0,0,0,0,0,1,0,0,0,0,0,0,0,0,0,0,0,0,1,0,0,0,0,1,1,0,0,0,0,0
"Shelton Reservoir #3","7/15/2005","2005","Shelton",41.308,73.1197,"CT","CAES","N",4.17,1.733,3.4,"N",0,0,0,0,0,0,0,0,0,0,0,0,0,0,6,0,6,2,0.028,0.003,2,6.2,0.2,2,102,2,1,6.7,NA,1,27.3,NA,2,7.13,1.125,1,3,NA,0,0,0,0,0,0,0,0,0,0,0,0,0,0,0,0,0,0,0,0,0,0,0,0,1,0,0,1,0,0,0,0,0,0,0,0,0,0,0,0,0,0,0,0,0,0,0,0,0,0,0,0,0,0,0,0,0,0,0,0,0,0,0,0,0,0,0,0,0,0,0,0,0,0,0,0,0,1,0,0,0,0,0,0,0,0,0,0,0,0,0,0,0,0,0,0,0,0,0,0,0,1,0,0,0,0,0,0,0,0,0,0,0,0,0,0,0,0,0,1,1,0,0,0,0,0
"Silver Lake","7/8/2008","2008","Berlin, Meriden",41.345,72.4621,"CT","CAES","Y",59.08,1.718,4.877,"Y",0.1086,0.1086,0.1086,0.1086,0,0,0,0,0,0,1,0,0,1,18,2,16,2,0.1205,0.1005,2,8.05,0.15,2,275.5,6.5,1,8,NA,1,26.8,NA,2,75,0,NA,1,NA,0,0,0,0,1,0,0,0,0,1,0,0,0,0,0,0,0,0,0,0,0,0,1,0,1,0,0,0,0,0,0,0,0,0,0,0,0,0,0,0,0,0,0,0,0,0,0,0,0,0,0,0,0,0,1,1,0,0,0,0,0,1,1,0,0,0,0,0,0,0,0,1,0,1,0,1,0,0,0,1,0,0,0,0,0,0,0,0,0,0,0,0,1,0,0,0,0,0,1,0,0,0,0,0,0,0,0,0,0,0,0,0,0,0,1,0,0,0,0,0,0,0,0,1,0,0
"Silvias Pond","9/26/2005","2005","Stonington",41.3604,71.9092,"CT","CAES","N",8.01,1.975,3,"N",0,0,0,0,0,0,0,0,0,0,0,0,0,0,4,0,4,2,0.0905,0.0265,1,6.95,0.55,1,226,82,1,4.5,NA,1,20.9,NA,NA,86.25,15.75,1,1.1,NA,0,0,1,0,0,0,0,0,0,1,0,0,0,0,0,0,0,0,0,0,0,0,0,0,0,0,0,0,0,0,0,0,0,0,0,0,0,0,0,0,0,0,0,0,0,0,0,0,0,0,0,0,0,0,0,0,0,0,0,0,0,0,1,0,0,0,0,0,0,0,0,0,0,0,0,0,0,0,0,0,0,0,0,0,0,0,0,0,0,0,0,1,0,0,0,0,0,0,0,0,0,0,0,0,0,0,0,0,0,0,0,0,0,0,0,0,0,0,0,0,0,0,0,0,0,0
"Slopers Pond","9/7/2010","2010","Southington",41.5911,72.839,"CT","CAES","N",5.99,1.44,3,"Y",0.0042,0.0042,0.0042,0.0042,0,0,1,0,0,0,0,0,0,0,7,1,6,NA,NA,NA,NA,NA,NA,NA,NA,NA,1,11.5,NA,1,25.4,NA,NA,NA,NA,1,2.1,NA,0,0,0,0,0,0,0,0,0,1,0,0,0,0,0,0,0,0,1,0,0,0,0,0,0,0,0,0,0,0,0,0,0,0,0,0,0,0,0,0,0,0,0,0,0,0,0,0,0,0,0,0,0,0,0,0,0,0,1,0,0,0,0,0,0,0,0,0,0,0,0,0,0,0,0,1,0,0,0,1,0,0,0,0,0,0,0,0,0,0,0,0,1,0,0,0,0,0,0,0,0,0,0,0,0,0,0,0,0,0,0,0,0,0,0,0,0,0,0,0,0,0,0,0,0,0
"Spring Lake (1)","7/26/2005","2005","Avon",41.7785,72.8261,"CT","CAES","N",15.05,1.491,2,"N",0,0,0,0,0,0,0,0,0,0,0,0,0,0,7,0,7,2,0.049,0.027,2,8.7,0.6,2,177.5,1.5,1,10.3,NA,1,31.2,NA,2,39.38,1.125,1,0.8,NA,0,0,0,0,0,0,0,0,0,1,0,0,0,0,0,0,0,0,0,0,0,0,0,1,0,0,0,0,0,0,0,0,0,0,0,0,0,0,0,0,0,0,0,0,0,0,0,0,0,0,0,0,0,0,1,0,0,0,1,0,0,0,0,0,0,0,0,0,0,0,0,0,0,0,0,0,0,0,0,1,0,0,0,0,0,0,0,0,0,0,1,0,0,0,0,0,0,0,0,0,0,0,0,0,0,0,0,1,0,0,0,0,0,0,0,0,0,0,0,0,0,0,0,0,0,0
"Spring Lake (2)","9/24/2009","2009","Southington",41.1347,73.4222,"CT","CAES","N",3.08,1.978,1.3,"Y",0.0535,0.0535,0.0535,0.0535,0,0,1,0,0,0,0,1,0,0,6,2,4,1,0.017,NA,1,9.2,NA,1,263,NA,1,15.2,NA,1,21.3,NA,1,165,NA,1,1.3,NA,0,0,0,0,1,0,0,0,0,0,0,0,0,0,0,0,0,0,0,0,0,0,0,0,0,0,0,0,0,0,0,0,0,0,0,0,0,0,0,0,0,0,0,0,0,0,0,0,0,0,0,0,0,0,0,0,0,0,1,0,0,0,0,0,0,0,0,0,0,0,0,0,0,0,0,0,0,0,0,1,0,0,0,0,0,0,0,0,0,0,0,0,1,0,0,0,0,0,0,0,0,0,0,0,0,0,0,0,0,0,0,0,0,0,0,0,0,0,0,0,0,0,0,0,0,0
"Squantz Pond","7/19/2011","2011","New Fairfield",41.5151,73.4784,"CT","CAES","N",107.65,2.274,12,"N",0,0,0,0,0,0,0,0,0,0,0,0,0,0,11,0,11,2,0.0065,0.0025,2,6.6,0.4,2,119.5,0.5,1,8.1,NA,1,27.2,NA,2,27.4,1.1,1,3.5,NA,0,0,0,0,0,0,0,0,0,1,0,0,0,0,1,0,0,0,1,0,0,0,0,1,0,0,0,0,0,0,0,0,0,0,0,0,0,0,0,0,0,0,0,0,0,0,0,0,0,0,0,0,0,0,1,1,0,0,1,0,0,0,0,0,0,0,0,0,0,0,0,0,0,1,0,0,0,1,0,0,0,0,0,0,0,0,0,0,0,0,0,0,0,0,0,0,0,0,0,0,0,0,0,0,0,1,0,0,0,1,0,0,0,0,0,0,0,0,0,0,0,0,0,0,0,0
"Staffordville Reservoir","combined","comb","Stafford Springs",42.0123,72.2554,"CT","CAES","Y",60.3,2.435,3.5,"N",0,0,0,0,0,0,0,0,0,0,0,0,0,0,33,0,33,2,0.0227,0.0128,2,6.175,0.175,2,65.75,12.75,2,0.05065,0.04915,2,26.85,1.55,2,10.6875,0.9375,2,2.75,0.45,0,0,1,0,0,0,0,0,0,0,1,0,0,1,0,0,1,0,1,0,0,0,0,1,1,0,0,1,0,1,0,0,0,0,0,0,0,1,0,0,0,0,0,0,0,0,0,0,0,0,0,1,0,0,0,1,1,0,0,0,0,1,1,0,0,0,1,0,0,0,0,0,0,1,0,0,0,1,0,0,1,0,0,0,0,0,1,0,0,1,0,0,1,0,0,0,0,0,0,1,0,1,0,0,0,1,0,0,0,0,0,0,0,0,1,1,1,1,0,1,1,0,1,1,0,0
"Sylvan Lake","9/8/2005","2005","Watertown",41.5988,73.0713,"CT","CAES","N",3.68,1.334,2,"N",0,0,0,0,0,0,0,0,0,0,0,0,0,0,9,0,9,2,0.024,0.008,2,6.25,0.05,2,138,0,1,8,NA,1,24.2,NA,2,13.88,0.375,1,1.4,NA,0,0,1,0,0,0,0,0,0,0,0,0,0,0,0,0,0,0,1,0,0,0,0,0,0,0,0,0,0,0,0,0,0,0,0,0,0,0,0,0,0,0,0,0,0,0,0,0,0,0,0,1,0,0,0,1,0,0,1,0,0,0,0,0,0,0,0,0,0,0,0,0,0,0,0,0,0,1,0,1,0,0,0,0,0,0,0,0,0,0,0,0,0,0,0,0,0,0,0,0,0,1,0,0,0,0,0,0,0,0,0,0,0,0,0,0,0,0,0,0,0,0,0,1,0,0
"Talmadges Ice Pond","7/7/2005","2005","Branford",41.2674,72.789,"CT","CAES","N",0.45,1.273,1,"Y",0.0797,0.0797,0.0797,0.0797,0,0,1,0,0,0,0,0,0,0,4,1,3,2,0.107,0.004,2,7.55,0.45,2,204.5,2.5,1,4.1,NA,1,23.4,NA,2,71.63,4.125,1,1,NA,0,0,1,0,0,0,0,0,0,0,0,0,0,0,0,0,0,0,0,0,0,0,0,0,0,1,0,0,0,0,0,0,0,0,0,0,0,0,0,0,0,0,0,0,0,0,0,0,0,0,0,0,0,0,0,0,0,0,0,0,0,0,0,0,0,0,0,0,0,0,0,0,0,0,0,0,0,0,0,1,0,0,0,0,0,0,0,0,0,0,0,0,0,0,0,0,0,0,0,0,0,0,0,0,0,0,0,0,0,0,0,0,0,0,0,0,0,0,0,0,0,0,0,0,0,0
"Talmage Pond","7/7/2006","2006","Branford",41.2613,72.8375,"CT","CAES","N",1.21,1.131,1,"Y",0.005,0.005,0.005,0.005,0,0,1,0,0,0,0,0,0,0,7,1,6,2,0.065,0.002,2,5.75,0.05,2,52,0,1,2.5,NA,1,23.4,NA,2,10.15,0.35,NA,NA,NA,0,0,1,0,0,0,0,0,0,1,0,0,0,0,0,0,0,0,0,0,0,0,0,0,0,0,0,0,0,0,0,0,0,0,0,0,0,0,0,0,0,0,0,0,0,0,0,0,0,0,0,0,0,0,0,0,0,0,0,0,0,1,1,0,0,0,0,0,0,0,0,0,0,0,0,0,0,0,0,0,0,0,0,0,0,0,0,0,0,0,0,0,1,0,0,0,0,0,0,0,0,0,0,0,0,0,0,0,0,0,0,0,0,0,1,0,0,0,0,0,0,0,0,0,0,0
"Taunton Lake","combined","comb","Newtown",41.41,73.3318,"CT","CAES","Y",50.18,1.485,10,"Y",0.0031,0.0062,0.0062,0,0,0,0,0,0,0,1,0,0,0,10,1,9,2,0.1485,0.105,2,7.4,0.05,2,147.5,15.5,2,0.05065,0.04915,2,21.75,1.75,2,34.5,2.65,2,2,0.5,0,0,0,0,0,0,0,0,0,0,0,0,0,0,1,0,0,0,0,0,0,0,0,1,0,0,0,0,0,1,0,0,0,0,0,0,0,0,0,0,0,0,0,0,0,0,0,0,0,0,0,0,0,0,1,0,0,0,0,0,0,1,0,0,0,0,0,0,0,0,0,0,0,0,0,0,0,1,0,1,0,1,0,0,0,0,0,0,0,0,0,0,0,0,0,0,0,0,0,0,0,1,0,0,0,0,0,0,0,0,0,0,0,0,0,0,0,0,0,0,0,0,0,0,0,0
"Tilleys Pond","9/1/2005","2005","Darien",41.0781,73.4721,"CT","CAES","Y",0.85,1.348,0.8,"Y",0.86,1,1,0.72,0,0,1,0,0,0,1,0,0,1,4,3,1,1,0.232,NA,1,6.3,NA,1,181,NA,1,0.4,NA,1,24,NA,1,42.75,NA,NA,0.8,NA,0,0,0,0,0,0,0,0,0,0,0,0,0,0,0,0,0,0,0,0,0,0,0,1,0,0,0,0,0,0,0,0,0,0,0,0,0,0,0,0,0,0,0,0,0,0,0,0,0,0,0,0,0,0,0,0,0,0,0,0,0,0,0,0,0,0,0,0,0,0,0,0,0,0,0,0,0,0,0,0,0,0,0,0,0,0,0,0,0,0,0,0,0,0,0,0,0,0,0,0,0,0,0,0,0,0,0,0,0,0,0,0,0,0,0,0,0,0,0,0,0,0,0,0,0,0
"Timber Lake","9/7/2006","2006","Sherman",41.5359,73.5119,"CT","CAES","N",4.86,1.331,3,"N",0,0,0,0,0,0,0,0,0,0,0,0,0,0,17,0,17,2,0.021,0.01,2,6.7,0,2,68.45,0.65,1,7,NA,1,21.8,NA,2,28.85,1.15,1,2.7,NA,0,0,1,0,0,0,0,0,0,0,1,1,0,0,0,0,0,0,0,0,0,0,0,0,0,0,0,0,0,0,0,0,0,0,0,0,0,0,0,0,0,0,1,0,0,0,0,0,0,0,0,0,0,0,0,1,0,0,1,0,0,1,0,0,0,0,0,0,0,0,0,0,0,1,0,1,0,1,0,0,1,0,0,0,0,0,0,0,0,0,0,0,1,0,0,0,0,0,0,0,0,0,0,1,0,1,0,0,1,0,0,1,0,0,1,0,0,0,0,0,0,0,0,0,0,0
"Town Mill Pond","7/30/2009","2009","Guilford",41.2912,72.6899,"CT","CAES","Y",1.17,1.468,2,"Y",0.0472,0.0472,0.0472,0.0472,0,0,1,0,0,0,1,0,0,0,12,2,10,2,0.0425,0.0185,2,6.35,0.15,2,124.5,4.5,1,7,NA,1,23.9,NA,2,45.9,3.1,NA,2,NA,0,0,0,0,0,0,0,0,0,1,0,0,0,0,0,0,0,0,0,0,0,0,0,1,0,0,0,0,0,0,0,0,0,0,0,0,0,0,0,0,0,0,0,0,0,0,0,0,0,0,0,0,0,0,0,0,0,0,0,0,0,1,1,0,0,0,0,0,1,0,0,0,0,1,0,1,0,0,0,0,0,0,0,0,0,0,0,0,0,0,0,0,0,0,0,1,0,0,0,0,0,0,0,0,1,0,0,0,0,1,0,0,0,0,0,0,0,0,0,0,0,0,0,0,0,0
"Twin Lake, North","combined","comb","Simsbury",41.82,72.8227,"CT","CAES","Y",5.42,2.316,2,"Y",0.0714,0.1013,0.1013,0.0416,0,0,0,0,0,0,1,0,0,0,16,1,15,2,0.0421,0.0264,2,7.1,0.45,2,250.75,44.25,2,7.9,1.2,2,26.45,0.85,2,46.5,11.625,2,1.5,0,0,0,0,0,0,0,0,0,0,1,0,0,0,0,1,0,0,0,1,0,0,0,0,1,0,0,0,0,0,0,0,0,0,0,0,0,0,0,0,1,0,0,0,0,0,0,0,0,0,0,0,0,0,0,1,1,0,0,1,0,0,0,0,0,0,0,0,0,0,0,0,0,0,1,0,0,0,1,0,1,0,0,0,0,0,0,0,0,0,0,1,0,1,0,0,0,0,0,0,0,0,1,0,0,0,0,0,1,0,0,0,0,0,0,0,0,0,0,0,0,0,0,0,0,0,0
"Twin Lake, South","7/5/2012","2012","Simsbury",41.8176,72.8234,"CT","CAES","N",6.6,1.197,3.5,"Y",0.0401,0.0401,0.0401,0.0401,0,0,0,0,0,0,1,0,0,0,10,1,9,2,0.0218,0.0024,2,7.5,0.5,2,313.5,18.5,1,9.5,NA,1,26.5,NA,2,62.25,3,1,2,NA,0,0,1,0,0,0,0,0,0,1,0,0,0,0,0,0,0,0,0,0,0,0,0,1,0,0,0,0,0,0,0,0,0,0,0,0,0,0,0,0,0,0,0,0,0,0,0,0,0,0,0,0,0,0,1,1,0,0,0,0,0,0,0,0,0,0,0,0,1,0,0,0,0,1,0,0,0,0,0,1,0,0,0,0,0,0,0,0,0,0,1,0,0,0,0,0,0,0,0,0,0,0,0,0,0,0,0,0,0,0,0,0,0,0,0,0,0,0,0,0,0,0,0,0,0,0
"Tyler Lake","combined","comb","Goshen",41.8377,73.2614,"CT","CAES","Y",75.68,1.746,7,"N",0,0,0,0,0,0,0,0,0,0,0,0,0,0,30,0,30,2,0.1033,0.0788,2,6.63,0.23,2,114.58,20.43,2,8.25,0.15,2,22.6,1,2,39.19,4.31,2,2.3,0.2,1,0,0,0,0,0,0,0,0,1,0,0,0,0,1,0,0,0,0,0,0,0,1,0,0,0,0,0,0,1,0,0,0,0,0,0,0,0,0,0,0,0,0,0,0,0,0,0,0,0,0,0,0,0,1,1,0,1,0,0,0,1,1,0,0,0,0,0,0,0,0,0,0,1,0,1,0,0,0,0,1,0,0,1,0,0,1,0,0,0,1,0,1,1,0,1,1,0,1,0,1,1,0,0,0,1,0,0,0,0,0,0,0,1,1,0,1,0,1,0,0,0,1,1,0,0
"Ulbrich Reservoir","7/18/2005","2005","Wallingford",41.4467,72.7441,"CT","CAES","N",62.32,1.764,7,"Y",4e-04,4e-04,4e-04,4e-04,0,0,1,0,0,0,0,0,0,0,8,1,7,2,0.0285,0.0255,2,7.4,1,2,136,15,1,8.2,NA,1,25.9,NA,2,61.5,7.5,1,2.6,NA,0,0,0,0,0,0,0,0,0,1,0,0,0,0,0,0,0,0,0,0,0,0,0,0,0,0,0,0,0,0,0,0,0,0,0,0,0,0,0,0,0,0,1,0,0,0,0,0,0,0,0,0,0,0,1,1,0,0,0,0,0,0,0,0,0,0,0,0,0,0,0,1,0,0,0,0,0,1,0,0,0,0,0,0,0,0,0,0,0,0,0,0,1,0,0,0,0,0,0,0,0,0,0,0,0,0,0,0,0,0,0,0,0,0,0,0,0,0,0,0,0,0,0,0,0,0
"Upper Guilford Lake","8/5/2008","2008","Guilford",41.3381,72.6815,"CT","CAES","N",5.26,2.051,2,"N",0,0,0,0,0,0,0,0,0,0,0,0,0,0,18,0,18,2,0.027,0.002,2,5.7,0.1,2,66.5,1.5,1,4.9,NA,1,22.8,NA,2,11.5,0.5,1,0.6,NA,0,0,1,0,0,0,0,0,0,0,0,0,0,0,0,0,0,0,1,0,0,0,0,0,0,0,0,0,0,0,0,0,0,0,0,0,0,0,0,0,0,0,1,0,0,0,0,0,0,0,0,1,0,0,0,1,0,0,0,0,0,1,1,0,0,0,0,0,0,0,0,0,0,1,0,0,0,1,0,0,1,0,0,0,0,0,1,0,0,0,0,0,1,0,0,0,0,0,0,0,0,0,1,0,0,0,0,0,0,0,0,1,0,0,1,1,0,0,0,1,0,0,1,0,0,0
"Upper Moodus Reservoir","7/16/2012","2012","East Haddam",41.504,72.407,"CT","CAES","N",178.06,2.82,3,"Y",0.0022,0.0022,0.0022,0.0022,0,0,1,0,0,0,0,1,0,0,36,2,34,2,0.0697,0.0124,2,6.55,0.25,2,55,0,1,8.8,NA,1,28.9,NA,2,9.375,0.375,1,1.5,NA,1,0,1,1,1,0,0,0,0,1,1,0,0,0,0,0,1,0,1,0,0,0,0,1,1,0,0,1,0,1,0,0,0,0,0,0,0,0,0,1,0,0,0,0,0,0,0,0,0,1,0,0,0,0,0,1,0,0,0,0,0,1,1,0,0,0,0,0,0,0,0,0,0,1,0,1,0,1,0,1,1,0,0,1,0,0,0,0,0,0,0,1,1,0,0,1,0,0,0,0,0,1,0,0,0,1,0,0,0,0,0,0,0,0,1,0,1,0,1,1,1,0,0,1,0,0
"Wah Wah Taysee Pond","9/21/2009","2009","North Haven",41.4169,72.8846,"CT","CAES","N",0.57,1.15,2,"Y",0.0153,0.0153,0.0153,0.0153,0,0,1,0,0,0,0,0,0,0,5,1,4,2,0.028,0.009,2,7.15,0.05,2,132,20,1,9.6,NA,1,20.4,NA,2,93.05,8.25,1,2,NA,0,0,0,0,0,0,0,0,0,0,0,0,0,0,0,0,0,0,1,0,0,0,0,1,0,0,0,0,0,0,0,0,0,0,0,0,0,0,0,0,0,0,0,0,0,0,0,0,0,0,0,0,0,0,0,0,0,0,0,0,0,0,0,0,0,0,0,0,0,0,0,0,0,1,0,0,0,0,0,0,0,0,0,0,0,0,0,0,0,0,0,0,1,0,0,0,0,0,0,0,0,0,0,0,0,0,0,0,0,0,0,0,0,0,0,0,0,0,0,0,0,0,0,0,0,0
"Wampum Hill Pond","9/9/2005","2005","Wilton",41.2299,73.4135,"CT","CAES","N",0.16,1.079,1.5,"Y",0.8822,1,1,0.7644,0,0,1,0,0,0,1,0,0,1,9,3,6,2,0.178,0.03,2,5.85,0.05,2,152.5,35.5,1,1.2,NA,1,18.3,NA,2,37.88,16.875,1,0.7,NA,0,0,0,0,0,0,0,0,0,1,0,0,0,0,0,0,0,0,0,0,0,0,0,0,0,0,0,0,0,0,0,0,0,0,0,0,0,0,0,0,0,0,1,0,0,0,0,0,0,0,0,0,0,0,0,1,0,0,0,0,0,1,0,0,0,0,0,0,0,0,0,0,0,0,0,0,0,0,0,0,0,0,0,0,0,0,0,0,0,0,0,0,1,0,0,0,0,0,1,0,0,0,0,0,0,0,0,0,0,0,0,0,0,0,0,0,0,0,0,0,0,0,0,0,0,0
"Waubeeka Lake","9/28/2005","2005","Danbury",41.3499,73.4593,"CT","CAES","N",14.45,1.859,2.5,"Y",8e-04,8e-04,8e-04,8e-04,0,0,1,0,0,0,0,0,0,0,13,1,12,2,0.013,0.003,2,7.25,0.15,2,199,1,1,7,NA,1,21.2,NA,2,48,0,1,2.4,NA,0,0,1,0,0,0,0,0,0,1,0,0,0,0,0,0,0,0,0,1,0,0,1,0,0,0,0,0,0,0,0,0,0,0,0,0,0,0,0,0,0,0,0,0,0,0,0,0,0,0,0,0,0,0,1,0,0,0,1,0,0,1,1,0,0,0,0,0,0,0,0,0,0,0,0,1,0,0,0,1,0,0,0,0,0,0,0,0,0,0,0,0,0,0,0,0,0,0,0,0,0,0,0,0,0,0,0,0,0,0,0,0,0,0,1,0,0,0,0,0,0,0,0,0,0,1
"West Hill Pond","combined","comb","New Hartford",41.8779,73.0441,"CT","CAES","Y",99.15,1.424,13,"N",0,0,0,0,0,0,0,0,0,0,0,0,0,0,25,0,25,2,0.0108,0.0068,2,6.975,0.925,2,54.5,0,2,0.05065,0.04915,2,23.35,0.25,2,19.7125,11.0875,2,8.4,1.8,0,0,0,0,1,0,0,0,0,0,0,1,0,0,1,0,0,0,0,1,0,0,0,1,0,0,0,0,0,1,0,0,0,0,0,0,0,1,1,0,0,0,1,0,0,0,0,0,0,0,0,0,1,0,0,1,0,0,0,1,0,1,1,0,0,0,0,0,0,0,0,0,0,1,0,1,0,1,0,1,1,0,0,0,0,0,0,0,0,0,0,0,1,0,0,1,1,0,0,0,0,1,0,0,0,0,0,0,0,0,0,0,0,0,0,0,0,0,0,0,1,0,0,1,0,0
"West Lake","combined","comb","Guilford",41.339,72.7341,"CT","CAES","Y",21.12,1.487,5,"N",0,0,0,0,0,0,0,0,0,0,0,0,0,0,29,0,29,2,0.0502,0.0072,2,7.075,0.425,2,236,55,2,0.05065,0.04915,1,26.8,NA,2,69.2,24.55,1,2.5,NA,0,0,1,0,0,0,0,0,0,1,1,0,1,0,1,0,0,0,1,0,0,0,0,0,1,0,0,0,0,0,0,0,1,0,0,0,0,0,0,1,0,0,0,0,0,0,0,0,0,0,0,1,0,0,0,0,0,1,1,0,0,1,1,0,0,0,1,0,0,0,0,1,0,1,0,1,0,1,0,0,0,1,0,0,0,0,0,0,0,0,1,0,1,0,0,1,0,0,0,0,0,1,0,0,0,0,0,0,0,0,1,0,0,0,1,0,0,0,0,1,0,0,1,1,0,0
"West Side Pond","combined","comb","Goshen",41.8552,73.2565,"CT","CAES","Y",16.96,1.206,9,"N",0,0,0,0,0,0,0,0,0,0,0,0,0,0,27,0,27,2,0.2151,0.0446,2,6.7,0.15,2,134.25,15.25,2,0.05065,0.04915,2,23.25,0.55,2,54.575,7.325,2,3.95,1.15,0,0,1,0,0,0,0,0,0,1,0,0,0,0,0,0,0,0,1,0,0,0,1,1,1,0,0,0,0,0,0,0,0,0,0,0,0,0,0,0,0,0,0,0,0,0,0,1,0,1,0,0,0,0,1,1,0,0,0,0,0,1,1,0,0,0,1,0,0,0,0,0,0,1,0,1,0,1,0,0,1,0,0,1,0,0,1,0,0,0,0,0,1,1,1,1,0,0,1,0,0,1,0,0,0,0,0,0,0,0,0,0,0,0,0,0,0,0,0,1,0,0,0,1,0,0
"Williams Brook (Highland Lake) ","9/2/2005","2005","Ledyard",41.4382,71.9696,"CT","CAES","N",3.2,1.36,2,"Y",9e-04,9e-04,9e-04,9e-04,0,0,1,0,0,0,0,0,0,0,10,1,9,2,0.074,0.003,2,6,0.1,2,97.5,0.5,1,5.6,NA,1,25.9,NA,2,13.5,1.5,1,1.5,NA,0,0,1,0,0,0,0,0,0,0,0,0,0,0,0,0,0,0,0,1,0,0,0,0,0,0,0,0,0,0,0,0,0,0,0,0,0,0,0,0,0,0,0,0,0,0,0,0,0,0,0,0,0,0,0,1,0,0,0,0,0,1,1,0,0,0,0,0,0,0,0,0,0,1,0,0,0,1,0,0,1,0,0,0,0,0,0,0,0,0,0,1,0,0,0,0,0,0,0,0,0,0,0,0,0,0,0,0,0,0,0,0,0,0,0,0,0,0,0,0,0,0,0,0,0,0
"Williams Pond","6/23/2009","2009","Lebanon",41.6349,72.3087,"CT","CAES","N",101.17,2.211,2.3,"N",0,0,0,0,0,0,0,0,0,0,0,0,0,0,18,0,18,2,0.0135,0.0035,2,6.9,0,2,56,0,1,7.9,NA,1,20.3,NA,2,12,0,1,2.3,NA,0,0,1,0,0,0,0,0,0,0,0,0,0,0,1,0,0,0,1,0,0,0,0,0,1,0,0,0,0,1,0,0,0,0,0,0,0,0,0,0,0,0,1,0,0,0,0,0,0,1,0,0,0,0,0,0,0,1,0,0,0,1,1,0,0,0,0,0,0,0,0,0,0,0,0,0,0,1,0,0,1,0,0,0,0,0,0,0,0,0,0,1,0,0,0,1,0,0,0,0,0,0,0,0,0,0,0,0,0,0,0,0,0,0,1,0,0,0,0,1,0,0,1,1,0,0
"Williamson Pond","8/18/2008","2008","Columbia",41.7031,72.2582,"CT","CAES","N",0.04,1.103,1.5,"N",0,0,0,0,0,0,0,0,0,0,0,0,0,0,8,0,8,NA,NA,NA,2,6.45,0.05,2,88.5,3.5,1,41.1,NA,1,20.5,NA,1,59,NA,1,1.8,NA,0,1,0,0,0,0,0,0,0,0,0,0,0,0,0,0,0,0,1,0,0,0,0,0,0,0,0,0,0,0,0,0,0,0,0,0,0,0,0,0,0,0,1,0,0,0,0,0,1,0,0,0,0,0,0,0,0,0,0,0,0,0,1,0,0,0,0,1,0,0,0,0,1,0,0,0,0,1,0,0,0,0,0,0,0,0,0,0,0,0,0,0,0,0,0,0,0,0,0,0,0,0,0,0,0,0,0,0,0,0,0,0,0,0,0,0,0,0,0,0,0,0,0,0,0,0
"Winchester Lake","9/5/2007","2007","Winchester",41.9087,73.1507,"CT","CAES","N",99.55,2.388,5.182,"N",0,0,0,0,0,0,0,0,0,0,0,0,0,0,21,0,21,2,0.0035,0.0025,2,6.85,0.05,2,34,0,1,8.4,NA,1,19.1,NA,2,4.15,0.35,1,3,NA,0,0,1,0,0,0,0,0,0,0,0,0,0,0,0,0,1,0,1,0,0,0,1,0,1,0,0,1,0,0,0,0,0,0,0,0,1,0,0,0,0,0,0,0,0,0,0,0,0,0,0,1,0,0,0,0,0,0,0,0,0,1,1,0,0,0,0,0,0,0,0,0,0,1,0,1,0,1,0,0,1,0,0,0,0,0,1,0,0,0,0,1,0,0,0,0,0,0,0,0,0,0,0,0,0,1,0,0,0,0,0,0,0,0,0,0,0,0,0,1,1,0,1,1,0,0
"Winnemaug Lake","9/6/2005","2005","Watertown",41.5837,73.1277,"CT","CAES","N",45.69,1.965,5,"N",0,0,0,0,0,0,0,0,0,0,0,0,0,0,8,0,8,2,0.0305,0.0015,2,6.35,0.05,2,228,0,1,8.3,NA,1,26.3,NA,2,22.5,0,1,1.1,NA,0,0,0,0,0,0,0,0,0,0,0,1,0,0,0,0,1,0,1,0,0,0,0,0,0,0,0,0,0,0,0,0,0,0,0,0,0,0,0,0,0,0,0,0,0,0,0,0,0,0,0,0,0,0,0,1,0,0,1,0,0,0,0,0,0,0,0,0,0,0,0,0,0,0,0,0,0,1,0,0,0,0,0,0,0,0,0,0,0,0,0,0,0,0,0,0,0,0,0,0,0,1,0,0,0,0,0,0,0,0,0,0,0,0,0,0,0,0,0,0,0,0,0,1,0,0
"Wintergreen Lake","9/20/2010","2010","Hamden",41.3539,72.9689,"CT","CAES","Y",17.97,1.751,8,"N",0,0,0,0,0,0,0,0,0,0,0,0,0,0,15,0,15,2,0.0377,0.033,2,6.2,0.2,2,38.2,0.8,1,8.3,NA,1,22,NA,2,9,1.5,NA,2.5,NA,0,0,1,0,0,0,0,0,0,1,0,0,0,0,1,0,0,0,1,0,0,0,1,1,1,0,0,0,0,0,0,0,0,0,0,0,0,0,0,0,0,0,1,0,0,0,0,0,0,0,0,0,0,0,0,1,0,0,0,0,0,0,1,0,0,0,0,0,0,0,0,0,0,1,0,0,0,1,0,0,1,1,0,0,0,0,0,0,0,0,0,0,0,0,0,0,0,0,0,0,0,0,0,0,0,0,0,0,0,0,0,0,0,0,0,0,0,0,0,1,0,0,0,0,0,0
"Woodridge Lake","6/8/2010","2010","West Hartford",41.7369,72.7654,"CT","CAES","N",24.28,2.003,2,"N",0,0,0,0,0,0,0,0,0,0,0,0,0,0,3,0,3,2,0.0361,0.0029,2,7.95,0.05,2,413.5,2.5,1,7.9,NA,1,24.3,NA,2,69.4,1.1,1,2,NA,0,0,0,0,0,0,0,0,0,0,0,1,0,0,0,0,0,0,0,0,0,0,0,0,0,0,0,0,0,0,0,0,0,0,0,0,0,0,0,0,0,0,0,0,0,0,0,0,0,0,0,0,0,0,0,0,0,0,0,0,0,0,0,0,0,0,0,0,0,0,0,0,0,0,0,0,0,0,0,1,0,0,0,0,0,0,0,0,0,0,0,0,1,0,0,0,0,0,0,0,0,0,0,0,0,0,0,0,0,0,0,0,0,0,0,0,0,0,0,0,0,0,0,0,0,0
"Wyassup Lake","6/26/2013","2013","North Stonington",41.4911,71.8722,"CT","CAES","N",40.8,1.421,8,"N",0,0,0,0,0,0,0,0,0,0,0,0,0,0,19,0,19,2,0.0358,0.0161,2,6.25,0.15,2,56,9,1,7.2,NA,1,26.8,NA,2,15.8,0,1,2.2,NA,0,0,0,0,1,0,0,0,0,0,0,0,0,0,1,0,0,0,1,0,0,0,0,0,1,0,0,1,0,0,0,0,0,0,0,0,0,0,0,1,0,0,0,0,0,0,0,0,0,1,0,0,0,0,0,1,0,1,0,0,0,1,1,0,0,0,0,0,0,0,0,0,0,0,0,0,0,1,0,0,0,0,0,0,0,0,0,0,0,0,0,0,1,0,0,1,0,0,0,0,0,1,0,0,0,0,0,0,0,0,0,0,0,0,1,0,1,0,0,1,0,0,0,1,0,0
"Wyler Pond","6/11/2010","2010","Weston",41.1968,73.3544,"CT","CAES","N",0.04,1.545,NA,"N",0,0,0,0,0,0,0,0,0,0,0,0,0,0,5,0,5,NA,NA,NA,NA,NA,NA,NA,NA,NA,NA,NA,NA,NA,NA,NA,NA,NA,NA,NA,NA,NA,0,NA,0,0,1,0,0,0,0,0,0,0,0,0,0,0,0,0,0,0,0,0,0,1,0,0,0,0,0,0,0,0,0,0,0,0,0,0,0,0,0,0,0,0,0,NA,0,NA,1,0,0,0,0,0,0,0,0,0,0,0,0,0,0,0,0,0,0,0,0,0,0,0,0,0,0,0,0,0,0,0,0,0,0,0,0,0,0,0,0,0,0,0,1,0,0,0,0,0,1,0,0,0,0,0,0,0,0,0,0,0,0,0,0,0,0,0,0,0,0,0,0,0,0,0,0,0
"Young's Pond","7/1/2009","2009","Branford ",41.2703,72.776,"CT","CAES","Y",1.7,1.461,1,"Y",0.9377,1,1,0.8755,0,0,1,0,0,0,1,1,0,0,8,3,5,2,0.0725,0.0365,2,6.75,0.55,2,181,17,1,5.3,NA,1,23.2,NA,2,73.9,9.4,NA,0.3,NA,0,0,0,1,0,0,0,0,0,1,0,0,0,0,0,0,0,0,0,0,0,0,0,0,0,0,0,0,0,0,0,0,0,0,0,0,0,0,0,0,0,0,0,0,0,0,0,0,0,0,0,0,0,0,0,0,0,0,0,0,0,0,1,0,0,0,0,0,0,0,0,0,0,0,0,0,0,0,0,0,0,0,0,0,0,0,0,0,0,0,0,1,0,0,0,0,0,0,0,0,0,0,0,0,0,0,0,0,0,0,0,0,0,0,1,0,0,0,0,0,0,0,0,0,0,0
