"waterbody","date","year","town","latitude","longitude","state","data_source","mult_survey","surfacearea_ha","shoreline_development","depth_max_m","FP_presence","FPcover_avg","FPcover_low_est","FPcover_max","FPcover_min","azolla","eichhornia_crassipes","lemna_minor","lemna_trisulca","lemna_valdiviana","riccia","spirodela_polyrhiza","wolffia","wolffia_borealis","wolffia_brasiliensis","allplant_species_richness","FP_species_richness","nonFP_species_richness","TOTP_avg","PH_avg","COND_avg","ALK_avg","secchi_avg","alisma","alisma_subcordatum","brasenia","cabomba","callitriche","callitriche_hetero","callitriche_stag","cardamine","ceratophyllum_dem","ceratophyllum_echin","charphyte","decodon","egeria","elatine","elatine_ameri","elatine_minima","eleocharis","eleocharis_acic","eleocharis_ellip","elodea_canad","elodea_nutt","eriocaulon_aqua","fil_algae","glossostigma","gratiola","hydrilla","isoetes","isoetes_acad","isoetes_eaton","isoetes_echino","isoetes_engel","isoetes_lacus","isoetes_tuck","juncus","juncus_pelo","lobelia","ludwigia","ludwigia_pal","marsilea","megalodonta","myosotis","myriophyllum","myriophyllum_alt","myriophyllum_aqua","myriophyllum_hetero","myriophyllum_hetero_lax","myriophyllum_hum","myriophyllum_ten","myriophyllum_sibi","myriophyllum_spic","najas_flex","najas_grac","najas_guad","najas_minor","nasturtium","nelumbo","nuphar","nymphaea_odor","nymphaea_odor_tuber","nymphoides","nymphoides_cordata","peltandra","phragmites","polygonum","polygonum_amphi","polygonum_hydro","pontederia","potamogeton","potamogeton_ampli","potamogeton_berch","potamogeton_biculp","potamogeton_conferv","potamogeton_crispus","potamogeton_epi","potamogeton_foli","potamogeton_grami","potamogeton_ilino","potamogeton_ilino_hybrid","potamogeton_natans","potamogeton_nodos","potamogeton_oakes","potamogeton_palus","potamogeton_perfo","potamogeton_pulch","potamogeton_pusil","potamogeton_prael","potamogeton_rich","potamogeton_robb","potamogeton_spir","potamogeton_zost","proserpinaca","ranunculus","sagittaria","sagittaria_gram","sagittaria_lati","schoenoplectus","sparganium","sparganium_ameri","stuckenia","trapa","typha","typha_latif","sedge","utricularia","utricularia_gemi","utricularia_gibb","utricularia_inter","utricularia_macro","utricularia_mini","utricularia_mino","utricularia_purp","utricularia_radi","utricularia_subu","utricularia_vulg","vallisneria","zannichellia","zosterella"
"Alexander Lake","7/13/2005","2005","Killingly",41.86072,71.89911,"CT","CAES","N",87.01,1.822,15.545,"N",0,0,0,0,0,0,0,0,0,0,0,0,0,0,19,0,19,0.028,5.7,30.25,5.25,5.8,0,0,1,0,0,0,0,0,0,0,0,0,0,1,0,0,0,1,0,0,0,1,0,1,1,0,0,1,0,0,0,0,0,0,0,1,0,0,0,0,0,0,0,0,0,0,1,1,0,0,0,0,1,0,0,0,1,1,0,0,0,0,0,0,0,0,0,0,0,0,1,0,0,1,0,0,0,0,0,0,0,0,0,0,1,0,0,0,0,0,0,0,1,0,0,0,0,0,0,0,0,0,0,0,0,0,0,0,0,0,0,0,0,1,1,0,0
"Amos Lake","combined","comb","Preston",41.51468,71.97423,"CT","CAES","Y",45.73,1.707,14,"N",0,0,0,0,0,0,0,0,0,0,0,0,0,0,33,0,33,0.0222,6.73,116.5,40.1,1.65,0,0,1,0,1,0,0,0,1,0,0,1,0,1,0,0,1,0,0,0,0,0,0,1,1,0,1,0,0,0,0,0,0,0,0,0,1,0,0,0,0,0,0,0,1,1,0,1,0,0,1,0,0,0,0,0,1,1,0,0,1,1,1,0,0,0,1,0,0,0,1,0,0,1,1,1,0,0,0,0,0,0,0,1,0,0,0,1,0,0,0,0,1,0,0,0,0,0,0,0,1,0,0,0,0,1,0,1,0,0,1,0,0,1,1,0,0
"Amston Lake","8/22/2006","2006","Hebron, Lebanon, Colchester",41.62651,72.33073,"CT","CAES","N",75.68,1.777,7.925,"N",0,0,0,0,0,0,0,0,0,0,0,0,0,0,16,0,16,0.053,6.7,67.85,13.85,3.5,0,0,1,0,0,0,0,0,0,1,1,0,0,0,0,1,0,1,0,0,1,1,1,0,0,0,0,0,0,0,0,0,0,0,0,0,0,0,0,0,0,0,0,0,0,0,0,1,0,0,1,0,0,0,0,0,1,1,0,0,0,0,0,0,0,0,1,0,1,0,1,0,0,0,0,0,0,0,1,0,0,0,0,0,0,0,0,0,0,0,0,0,0,0,0,0,0,0,0,0,0,0,0,0,0,0,0,0,0,0,0,0,0,0,0,0,0
"Anderson Pond","8/24/2012","2012","North Stonington",41.50827,71.89536,"CT","CAES","Y",22.91,1.924,2.286,"N",0,0,0,0,0,0,0,0,0,0,0,0,0,0,29,0,29,0.0998,6.15,59.5,9.8,1.3,0,0,1,1,1,0,0,0,0,1,0,0,0,1,0,0,1,0,0,1,0,1,0,0,1,0,1,0,0,0,0,0,0,0,0,0,1,0,0,0,0,0,0,0,1,0,0,0,0,0,1,0,0,1,0,0,1,1,0,0,1,0,0,0,0,0,1,0,0,0,1,0,0,1,1,0,0,0,1,0,0,0,0,1,1,0,0,0,0,0,0,0,0,0,0,0,0,0,0,0,0,0,0,0,0,1,0,1,0,0,1,1,0,0,1,0,0
"Andover Lake","8/14/2008","2008","Andover",41.72207,72.3592,"CT","CAES","N",63.54,1.619,3,"N",0,0,0,0,0,0,0,0,0,0,0,0,0,0,13,0,13,0.013,6.3,76.65,13.4,2,0,0,0,0,0,0,0,0,0,0,0,0,0,0,0,1,1,0,0,0,1,0,0,0,0,0,0,0,0,1,0,0,0,0,0,0,0,1,0,0,0,0,0,0,0,0,1,0,0,0,0,0,0,0,0,0,1,0,0,0,0,0,0,0,0,0,1,0,0,0,0,0,0,0,0,0,0,0,0,0,0,0,0,0,1,0,0,0,0,0,0,0,0,0,0,0,1,0,0,0,0,0,0,0,0,1,0,0,0,0,0,1,0,0,1,0,0
"Angus Park Pond","8/4/2005","2005","Glastonbury",41.69298,72.53177,"CT","CAES","N",3.8,1.573,1.2,"Y",0.1857,0.2616,0.2616,0.1099,0,0,1,0,0,0,1,0,0,0,12,2,10,0.039,6.2,126.5,30.75,1.2,0,0,0,0,0,1,0,0,0,1,0,0,0,0,0,0,0,0,0,0,1,0,0,0,1,0,0,0,0,0,0,0,0,0,0,0,0,1,0,0,0,0,0,0,0,0,0,0,0,0,0,0,0,0,0,0,1,1,0,0,0,0,0,0,0,0,0,0,0,0,0,0,0,1,0,0,0,0,0,0,0,0,0,0,0,0,0,0,0,0,0,1,0,0,0,0,1,0,0,0,0,0,0,0,0,0,0,0,0,0,0,0,0,0,0,0,0
"Anni's Pond (Kleman's Dam)","6/20/2011","2011","Bethany",41.44757,72.99517,"CT","CAES","N",2.19,1.293,3.5,"Y",0.0014,0.0014,0.0014,0.0014,0,0,1,0,0,0,0,0,0,0,19,1,18,0.0195,5.95,129.5,131.25,2,0,0,1,0,1,0,0,0,1,0,0,0,0,1,0,0,1,0,0,0,0,0,0,0,0,0,0,0,0,0,0,0,0,0,0,0,0,1,0,0,0,0,0,0,0,0,1,0,0,0,0,1,0,0,0,0,1,1,0,0,0,0,0,0,0,0,1,0,0,0,1,0,0,1,1,0,0,0,0,0,0,0,0,0,0,0,0,1,0,0,0,0,1,0,0,0,1,0,0,0,0,0,0,0,0,1,0,0,0,0,0,0,0,0,0,0,0
"Ashford Lake","7/12/2006","2006","Ashford",41.9005,72.12765,"CT","CAES","N",21.45,1.421,3.658,"N",0,0,0,0,0,0,0,0,0,0,0,0,0,0,8,0,8,0.0075,6.2,93,6,1.1,0,0,1,0,0,0,0,0,0,0,0,0,0,0,0,0,0,1,0,0,0,0,0,0,0,0,1,0,0,0,0,0,0,0,0,0,0,0,0,0,0,0,0,0,0,0,0,0,0,0,1,0,0,0,0,0,1,0,0,0,0,0,0,0,0,0,0,0,0,0,0,0,0,0,1,0,0,0,0,0,0,0,0,0,0,0,0,0,0,0,0,0,0,0,0,0,1,0,0,0,0,0,0,0,0,0,0,0,0,0,0,1,0,0,0,0,0
"Avery Pond","9/30/2005","2005","Preston",41.49308,71.97971,"CT","CAES","N",10.4,1.164,2,"N",0,0,0,0,0,0,0,0,0,0,0,0,0,0,3,0,3,0.084,5.8,114,27.25,1.2,0,0,0,0,0,0,0,0,0,0,0,0,0,0,0,0,0,0,0,0,0,0,0,0,0,0,0,0,0,0,0,0,0,0,0,0,0,0,0,0,0,0,0,0,0,0,0,0,0,0,0,0,0,0,0,0,1,1,0,0,0,0,0,0,0,0,0,0,0,0,0,0,0,0,0,0,0,0,0,0,0,0,0,0,0,0,0,1,0,0,0,0,0,0,0,0,0,0,0,0,0,0,0,0,0,0,0,0,0,0,0,0,0,0,0,0,0
"Ball Pond","8/17/2005","2005","New Fairfield",41.46259,73.52383,"CT","CAES","N",33.39,1.449,15.545,"Y",0.005,0.005,0.005,0.005,0,0,1,0,0,0,0,0,0,0,10,1,9,0.1845,6.95,262.5,58.13,2,0,0,0,0,0,0,0,0,1,0,0,0,0,0,0,0,0,0,0,0,0,0,0,0,0,0,0,0,0,0,0,0,0,0,0,0,0,0,0,0,0,0,0,0,0,0,0,0,0,1,0,0,1,1,0,0,1,1,0,0,0,0,0,0,0,0,0,0,0,0,0,0,0,0,0,1,0,0,0,0,1,0,0,0,1,0,0,0,0,0,0,0,0,0,0,0,0,0,0,0,0,0,0,0,0,0,0,0,0,0,0,0,0,0,0,0,0
"Bantam Pond (Timber Lake)","9/27/2005","2005","Torrington",41.79429,73.19495,"CT","CAES","N",10,1.687,2,"N",0,0,0,0,0,0,0,0,0,0,0,0,0,0,11,0,11,0.0565,6.8,144,56.25,1.4,0,0,1,1,0,0,0,0,1,0,0,0,0,0,0,0,0,0,0,0,1,0,0,0,0,0,0,0,0,0,0,0,0,0,0,0,0,0,0,0,0,0,0,0,0,0,0,0,0,0,0,0,0,0,0,0,0,1,0,0,0,0,0,0,1,0,0,0,1,0,0,0,0,0,0,0,0,0,1,0,0,0,0,0,1,0,0,0,0,1,0,0,0,0,0,0,0,0,0,0,0,0,0,0,0,0,0,0,0,0,0,0,0,1,0,0,0
"Basserman Pond","6/25/2009","2009","Branford",41.5904,72.42655,"CT","CAES","N",0.04,1.385,3,"N",0,0,0,0,0,0,0,0,0,0,0,0,0,0,2,0,2,0.0295,6.35,223.5,69.4,1,0,0,0,0,0,0,0,0,0,0,0,0,0,0,0,0,0,0,0,0,0,0,0,0,0,0,0,0,0,0,0,0,0,0,0,0,0,0,0,0,0,0,0,1,0,0,0,0,0,0,0,0,0,0,0,0,0,0,0,0,0,0,0,0,0,0,0,0,0,0,0,0,0,0,0,0,0,0,0,0,0,0,0,0,0,0,0,0,0,0,0,0,1,0,0,0,0,0,0,0,0,0,0,0,0,0,0,0,0,0,0,0,0,0,0,0,0
"Beach Pond","7/31/2008","2008","Voluntown, Exeter, RI",41.57596,71.78904,"CT","CAES","N",150.54,1.886,14.5,"N",0,0,0,0,0,0,0,0,0,0,0,0,0,0,16,0,16,0.0125,5.6,42.4,1.75,5,0,0,0,0,0,0,0,0,0,0,0,0,0,0,0,1,1,0,0,0,0,0,0,0,1,0,1,0,0,0,0,0,0,0,0,0,0,0,0,0,0,0,0,0,0,0,1,1,0,0,0,0,0,0,0,0,0,1,0,0,0,0,0,0,0,0,0,0,0,0,1,0,0,0,0,0,0,0,0,0,0,0,0,0,0,0,0,0,0,0,0,0,1,0,0,0,1,0,0,0,0,0,1,0,0,1,0,0,0,1,1,1,0,1,0,0,0
"Beaver Dam Lake","7/22/2009","2009","Stratford ",41.25058,73.14075,"CT","CAES","N",23.39,1.935,12,"N",0,0,0,0,0,0,0,0,0,0,0,0,0,0,9,0,9,0.0165,6.6,245,32.3,2,0,0,0,0,0,0,0,0,0,0,0,0,0,0,1,0,0,0,0,0,1,0,0,0,0,0,0,0,0,0,0,0,0,0,0,0,0,0,0,0,0,0,0,0,0,0,0,0,0,0,0,0,0,1,0,0,0,1,0,0,0,0,0,0,0,0,1,0,0,0,0,0,0,0,0,0,0,0,0,0,0,0,1,0,1,0,0,0,0,0,0,0,1,0,0,0,0,0,0,0,0,0,0,0,0,0,0,0,0,0,0,0,0,0,1,0,0
"Beaver Pond","7/31/2013","2013","Meriden",41.56859,72.78691,"CT","CAES","N",12.23,1.362,3,"Y",0.0024,0.0024,0.0024,0.0024,0,0,1,0,0,0,1,0,0,0,15,2,13,0.0476,7.5,318.5,89.25,2,0,0,0,0,0,0,0,0,1,0,0,1,0,0,0,0,0,0,0,1,1,0,0,0,0,0,0,0,0,0,0,0,0,0,0,0,0,0,0,0,0,0,0,0,0,0,0,0,0,1,0,0,0,0,0,0,1,1,0,0,0,0,0,0,0,0,1,0,1,0,0,0,0,0,0,0,0,0,0,0,0,0,0,0,1,0,0,1,0,0,0,0,0,0,0,0,0,0,0,0,1,0,0,0,0,0,0,0,0,0,0,0,0,0,0,0,1
"Beseck Lake","6/28/2011","2011","Middletown",41.51539,72.73139,"CT","CAES","Y",45.73,1.621,7.315,"Y",4e-04,4e-04,4e-04,4e-04,0,0,1,0,0,0,0,1,0,0,19,2,17,0.0235,7.4,134,50.25,3,0,0,0,0,1,0,0,0,1,0,0,0,0,0,0,1,0,0,0,0,1,0,0,0,0,0,0,0,0,0,0,0,0,0,0,0,0,0,0,0,0,0,0,0,0,0,0,0,0,1,1,1,0,1,0,0,0,0,0,0,0,0,0,0,0,0,0,0,0,1,1,0,1,0,0,0,0,0,0,0,0,0,1,0,0,0,0,0,0,1,0,0,1,0,0,0,1,0,0,0,0,0,0,0,0,0,0,0,0,0,0,0,0,0,1,1,0
"Bigelow Pond","7/14/2005","2005","Union",41.99266,72.13085,"CT","CAES","N",10.12,1.929,4.69,"N",0,0,0,0,0,0,0,0,0,0,0,0,0,0,21,0,21,0.0365,5.95,67.85,10.5,2.5,0,0,1,0,0,0,0,0,0,0,1,0,0,0,0,0,0,1,0,0,1,1,0,0,0,0,1,0,0,0,0,0,0,0,0,0,0,1,0,0,0,0,0,0,0,0,1,0,0,0,1,0,0,0,0,0,1,1,0,0,0,0,0,0,0,0,0,0,0,0,1,0,0,1,0,1,0,0,0,0,0,0,0,0,0,0,0,0,0,0,0,0,1,0,0,0,0,0,0,0,0,0,1,0,1,1,0,0,0,0,1,1,0,1,0,0,0
"Billings Lake","9/22/2005","2005","North Stonington",41.50757,71.87318,"CT","CAES","N",39.42,1.797,10.058,"N",0,0,0,0,0,0,0,0,0,0,0,0,0,0,18,0,18,0.0035,5.75,38,4.88,5.4,0,0,1,1,0,0,0,0,0,0,0,0,0,1,0,0,0,1,0,0,0,1,0,0,1,0,1,0,0,0,0,0,0,0,1,0,0,0,0,0,0,0,0,0,1,0,0,0,0,0,0,0,1,0,0,0,1,1,0,0,1,0,0,0,0,0,0,0,0,0,1,0,0,0,0,0,0,0,0,0,0,0,0,1,0,0,0,1,0,0,0,0,0,0,0,0,0,0,0,0,0,0,0,0,0,0,0,0,0,0,1,1,0,0,0,0,0
"Birch Pond","9/1/2005","2005","Darien",41.09058,73.46373,"CT","CAES","Y",0.27,1.121,1,"Y",0.1515,0.1987,0.1987,0.1043,0,0,1,0,0,0,0,0,0,0,1,1,0,0.3475,6.2,171,46.88,0.4,0,0,0,0,0,0,0,0,0,0,0,0,0,0,0,0,0,0,0,0,0,0,0,0,0,0,0,0,0,0,0,0,0,0,0,0,0,0,0,0,0,0,0,0,0,0,0,0,0,0,0,0,0,0,0,0,0,0,0,0,0,0,0,0,0,0,0,0,0,0,0,0,0,0,0,0,0,0,0,0,0,0,0,0,0,0,0,0,0,0,0,0,0,0,0,0,0,0,0,0,0,0,0,0,0,0,0,0,0,0,0,0,0,0,0,0,0
"Bissonette Pond","8/28/2006","2006","Willington",41.9231,72.21908,"CT","CAES","N",19.63,1.496,2,"N",0,0,0,0,0,0,0,0,0,0,0,0,0,0,20,0,20,0.033,6.75,80.55,13,1,0,0,1,0,0,0,0,0,0,0,1,0,0,0,0,0,0,1,0,0,0,1,0,0,0,0,0,0,0,0,0,0,0,0,0,0,0,1,0,0,0,0,0,0,0,0,0,0,0,0,1,0,0,0,0,0,1,1,0,0,0,0,0,0,0,0,0,0,1,0,0,0,0,1,0,0,0,0,1,0,0,0,1,0,1,0,0,0,0,0,1,0,0,0,0,0,0,1,0,0,0,0,1,0,0,1,1,0,0,0,0,1,0,1,0,0,0
"Black Hall Pond","8/18/2005","2005","Old Lyme",41.34555,72.29826,"CT","CAES","N",5.1,1.282,4.9,"N",0,0,0,0,0,0,0,0,0,0,0,0,0,0,16,0,16,0.059,6,127.5,24,2.8,0,0,1,0,0,1,0,0,1,0,0,0,0,0,0,0,0,0,0,0,1,0,0,0,0,0,0,0,0,0,0,0,1,0,0,0,0,0,0,0,0,0,0,0,1,0,0,0,0,0,1,0,0,0,0,0,1,1,0,0,0,0,0,0,0,0,0,0,0,0,1,0,0,1,0,1,0,0,0,0,0,0,0,1,0,0,0,0,0,0,0,0,0,0,0,0,0,0,0,0,0,0,0,0,0,1,0,0,0,0,1,1,0,0,0,0,0
"Black Pond (2)","7/25/2005","2005","Woodstock",41.96955,72.06934,"CT","CAES","N",29.7,1.342,7.01,"N",0,0,0,0,0,0,0,0,0,0,0,0,0,0,23,0,23,0.0165,5.85,75.9,7.5,3.8,0,0,1,0,1,0,0,0,0,0,1,0,0,0,0,1,1,0,0,0,0,1,0,0,1,0,0,0,0,0,0,0,1,0,0,0,0,0,0,0,0,0,0,0,0,0,0,0,0,0,0,0,1,0,0,0,1,1,0,0,0,0,0,0,0,0,1,0,0,0,1,0,0,0,0,1,0,0,0,0,0,0,1,0,1,0,0,1,0,0,0,0,1,0,0,0,0,0,0,0,0,0,0,1,0,1,0,0,0,0,1,1,0,0,1,0,0
"Blissville Pond","9/30/2005","2005","Lisbon",41.56374,72.03777,"CT","CAES","N",11.9,2.077,1.7,"Y",0.001,0.001,0.001,0.001,0,0,1,0,0,0,0,0,0,1,17,2,15,0.057,5.5,104.5,12.75,1.7,0,0,1,0,0,0,0,0,1,0,0,0,0,0,0,0,0,1,0,0,1,0,0,0,1,0,0,0,0,0,0,0,0,0,0,0,0,1,0,0,0,0,0,0,1,0,0,0,0,0,0,0,0,0,0,0,1,1,0,0,0,0,0,0,1,0,0,0,0,0,1,0,0,0,0,0,0,0,0,0,0,0,0,1,0,0,0,0,0,0,0,0,1,0,0,0,0,0,0,0,0,0,0,0,0,1,0,0,0,0,0,0,0,1,0,0,0
"Bolton Lake, Lower","combined","comb","Bolton",41.80132,72.433,"CT","CAES","Y",70.82,1.387,6.096,"N",0,0,0,0,0,0,0,0,0,0,0,0,0,0,24,0,24,0.0133,5.9,103.9,10.325,3.1,0,0,0,1,1,0,0,0,1,0,1,0,0,1,0,0,1,0,0,0,1,0,0,1,1,0,1,0,0,0,0,0,0,0,0,0,0,0,0,0,0,0,0,0,1,0,0,0,0,0,1,0,1,0,0,0,0,1,0,0,0,0,0,0,0,0,0,0,1,0,1,0,0,0,1,0,0,0,0,0,0,0,0,0,1,0,0,0,0,0,0,0,1,0,0,0,1,0,0,0,1,0,0,0,0,0,0,0,0,0,1,1,0,0,1,0,0
"Bolton Lake, Middle","combined","comb","Vernon",41.8089,72.42619,"CT","CAES","Y",48.97,1.608,6.096,"N",0,0,0,0,0,0,0,0,0,0,0,0,0,0,28,0,28,0.0292,5.875,95.15,10.2,2.9,0,0,1,0,0,0,0,0,1,1,0,0,0,1,0,0,1,0,0,0,1,1,0,0,1,0,1,0,0,0,0,0,0,0,0,0,1,0,0,0,0,0,0,0,1,0,0,0,0,0,1,0,0,1,0,0,1,1,0,0,0,0,0,1,0,0,1,0,1,0,1,0,0,1,0,0,0,0,0,0,0,0,0,1,0,0,0,0,0,0,0,0,1,0,0,0,1,0,0,0,0,0,1,0,0,1,0,0,0,0,1,1,0,1,0,0,0
"Bolton Lake, Upper","7/18/2005","2005","Coventry, Tolland, Vernon",41.82184,72.42102,"CT","CAES","N",20.23,1.951,2.286,"N",0,0,0,0,0,0,0,0,0,0,0,0,0,0,15,0,15,0.03,4.8,62.05,2.25,0.8,0,0,1,0,0,0,0,0,0,0,0,0,0,0,0,0,0,1,0,0,1,1,0,0,0,0,0,0,0,0,0,0,0,0,0,0,0,0,0,0,0,0,0,0,1,0,0,0,0,0,1,0,0,0,0,0,1,1,0,0,0,0,0,0,0,0,1,0,0,0,0,0,0,1,0,0,0,0,0,0,1,0,0,1,1,0,0,0,0,0,0,0,0,0,0,0,0,0,0,0,0,0,0,0,0,0,0,0,0,0,1,0,0,1,0,0,0
"Bolton Notch Pond","10/4/2011","2011","Bolton",41.78829,72.45363,"CT","CAES","N",8.5,1.456,1.5,"Y",0.0017,0.0017,0.0017,0.0017,0,0,1,0,0,0,1,1,0,0,24,3,21,0.0135,5.65,413.5,16.9,1,0,0,1,0,1,0,0,0,0,1,0,1,0,1,0,0,1,0,0,0,1,0,0,0,0,0,0,0,0,0,0,0,0,0,0,0,1,0,0,0,0,1,0,0,0,0,1,0,0,0,1,0,0,0,0,0,0,1,0,0,0,0,0,0,0,0,1,0,0,0,0,0,0,0,0,0,0,0,1,0,0,0,0,0,1,0,0,0,0,0,0,0,1,0,0,0,0,0,0,0,1,0,0,0,0,1,0,0,0,1,1,0,0,1,0,0,0
"Brandegea Lake","7/7/2011","2011","Waterford",41.37191,72.122,"CT","CAES","N",11.94,1.587,3,"Y",0.0031,0.0031,0.0031,0.0031,0,0,1,0,0,0,1,0,0,0,18,2,16,0.074,6.4,159,33,1.5,0,0,1,1,0,0,0,0,0,1,0,0,0,0,0,0,1,0,0,0,1,0,0,0,0,0,0,0,0,0,0,0,0,0,0,0,0,0,0,0,0,0,0,0,0,0,1,0,0,0,1,0,0,0,0,0,1,1,0,0,0,0,0,0,1,0,1,0,0,0,1,0,0,1,0,0,0,0,0,0,0,0,0,0,0,0,0,0,0,0,0,0,0,0,0,0,0,0,0,0,1,0,0,0,0,1,0,0,0,0,0,1,0,0,0,0,0
"Branford Supply Pond (East)","8/1/2005","2005","North Branford",41.29532,72.80171,"CT","CAES","Y",7.04,1.958,4,"Y",0.0281,0.0281,0.0281,0.0281,0,0,0,0,0,0,1,0,0,0,6,1,5,0.2015,6.55,213,90.75,1.5,0,0,1,0,0,0,0,0,1,0,0,0,0,0,0,0,0,0,0,0,0,0,0,0,0,0,0,0,0,0,0,0,0,0,0,0,0,0,0,0,0,0,0,0,0,0,0,0,0,1,0,0,0,0,0,0,1,1,0,0,0,0,0,0,0,0,0,0,0,0,0,0,0,0,0,0,0,0,0,0,0,0,0,0,0,0,0,0,0,0,0,0,0,0,0,0,0,0,0,0,0,0,0,0,0,0,0,0,0,0,0,0,0,0,0,0,0
"Broad Brook Reservoir, Lower","9/12/2012","2012","East Windsor",41.91115,72.53823,"CT","CAES","N",0.81,1.18,2,"N",0,0,0,0,0,0,0,0,0,0,0,0,0,0,7,0,7,0.0366,8.25,236,63.75,2,1,0,0,0,0,0,0,0,0,0,0,0,0,1,0,0,1,0,0,0,1,0,0,0,0,0,0,0,0,0,0,0,0,0,0,0,1,0,0,0,0,0,0,0,0,0,0,0,0,1,0,0,0,0,0,0,0,0,0,0,0,0,0,0,0,0,0,0,0,0,0,0,0,0,0,0,0,0,0,0,0,0,0,0,0,0,0,0,0,0,0,0,1,0,0,0,0,0,0,0,0,0,0,0,0,0,0,0,0,0,0,0,0,0,0,0,0
"Broad Brook Reservoir, Upper","9/12/2012","2012","East Windsor",41.91006,72.53856,"CT","CAES","N",0.32,1.276,0.5,"N",0,0,0,0,0,0,0,0,0,0,0,0,0,0,4,0,4,0.0407,7,264,68.3,0.5,0,0,0,0,0,0,0,0,0,0,0,0,0,0,0,0,0,0,0,0,1,0,0,0,0,0,0,0,0,0,0,0,0,0,0,0,1,0,0,0,0,0,0,0,0,0,0,0,0,1,0,0,0,0,0,0,0,0,0,0,0,0,0,0,0,0,0,0,0,0,0,0,0,0,0,0,0,0,0,0,0,0,0,0,0,0,0,0,0,0,0,0,1,0,0,0,0,0,0,0,0,0,0,0,0,0,0,0,0,0,0,0,0,0,0,0,0
"Bunnels Pond","7/5/2011","2011","Bridgeport",41.20738,73.18788,"CT","CAES","N",13.52,2.485,5,"Y",0.0105,0.0105,0.0105,0.0105,0,0,1,0,0,0,0,0,0,0,22,1,21,0.0175,6.4,159,33,2,1,0,0,0,1,0,0,0,1,1,0,0,0,0,0,0,1,0,0,0,1,0,0,0,0,0,0,0,0,0,0,0,0,0,0,0,0,0,1,0,0,0,0,0,0,0,0,0,0,1,0,0,1,1,0,0,1,0,0,0,0,0,0,0,1,0,1,0,1,0,0,0,1,1,0,0,0,0,0,0,0,0,0,0,1,0,0,0,0,0,0,0,1,0,0,0,1,0,0,0,1,0,0,0,0,0,0,0,0,0,0,0,0,0,1,0,0
"Burr Pond","7/25/2005","2005","Torrington",41.87184,73.09576,"CT","CAES","N",34.44,2.236,3.353,"N",0,0,0,0,0,0,0,0,0,0,0,0,0,0,20,0,20,0.006,6,93.15,6.75,2.4,0,0,1,0,1,0,0,0,1,0,0,0,0,0,0,0,0,1,0,0,1,0,0,0,1,0,0,0,0,0,0,0,0,0,0,0,0,0,0,0,0,0,0,0,1,0,0,0,0,1,0,0,1,0,0,0,1,1,0,0,0,0,0,0,0,0,1,0,1,0,0,0,0,1,0,0,0,0,1,0,0,0,0,0,1,0,0,0,0,0,0,0,0,0,0,0,0,0,0,0,0,0,0,0,0,1,0,0,0,0,1,0,0,1,1,0,0
"Bushy Pond","6/26/2012","2012","Clinton",41.30587,72.52501,"CT","CAES","N",3.44,2.626,11,"N",0,0,0,0,0,0,0,0,0,0,0,0,0,0,14,0,14,0.0183,6.3,79.5,20.25,1.4,0,0,0,0,0,0,0,0,0,0,0,0,0,1,0,0,0,1,0,0,0,1,0,0,1,0,0,0,0,0,0,0,0,0,0,0,0,0,0,0,0,0,0,0,1,0,1,0,0,0,0,0,0,0,0,0,1,1,0,0,0,0,0,0,0,0,1,0,0,0,1,0,0,0,0,0,0,0,0,0,0,0,0,0,0,0,0,0,0,0,0,0,0,0,0,0,1,0,0,0,0,0,0,0,0,1,0,1,0,0,0,1,0,0,0,0,0
"Canoe Brook Lake","8/30/2012","2012","Trumbull",41.25132,73.239,"CT","CAES","Y",25.78,2.26,6,"Y",3e-04,3e-04,3e-04,3e-04,0,0,1,0,0,0,0,0,0,0,16,1,15,0.0929,6.95,162,49.5,2.5,1,0,0,0,1,0,0,0,0,0,0,0,0,1,0,1,1,0,0,0,0,0,0,0,1,0,1,0,0,0,0,0,0,0,0,0,1,0,0,0,0,0,0,0,0,0,0,0,0,0,1,0,0,1,0,0,0,0,0,0,0,0,0,0,0,0,0,0,0,0,1,0,0,1,0,0,0,0,0,0,0,0,0,0,1,0,0,0,0,0,0,0,1,0,0,0,0,0,0,0,0,0,0,0,0,0,0,0,0,0,0,0,0,0,1,0,0
"Cedar Lake","combined","comb","Chester",41.40168,72.49901,"CT","CAES","Y",28.04,1.274,13,"N",0,0,0,0,0,0,0,0,0,0,0,0,0,0,34,0,34,0.0251,6.0333,37.05,8.5333,2.87,1,0,1,1,0,0,0,0,0,0,0,0,0,1,0,0,1,0,0,0,0,1,0,0,1,0,0,0,0,0,0,1,0,0,0,1,0,1,0,0,0,0,0,0,1,0,1,0,0,0,0,0,0,0,0,0,1,1,0,0,1,0,0,0,0,0,1,0,0,0,1,0,0,1,1,0,0,0,1,0,0,0,0,1,1,0,0,0,0,0,0,0,1,0,0,0,1,0,0,0,0,0,1,0,1,1,1,1,0,1,1,1,0,1,0,1,0
"Cedar Pond","8/26/2005","2005","North Branford",41.32061,72.77994,"CT","CAES","Y",8.82,1.281,5.3,"Y",0.001,0.001,0.001,0.001,0,0,1,0,0,0,0,0,0,0,7,1,6,0.0295,6.65,291,93.75,2.3,0,0,0,0,0,0,0,0,1,0,0,0,0,0,0,0,0,0,0,0,1,0,0,0,0,0,0,0,0,0,0,0,0,0,0,0,0,0,0,0,0,0,0,0,0,0,0,0,0,0,0,0,0,0,0,0,1,1,0,0,0,0,0,0,0,0,0,0,0,0,0,0,0,0,1,0,0,0,0,0,0,0,0,0,0,0,0,0,0,0,0,0,0,0,0,0,0,0,0,0,0,0,0,0,0,0,0,0,0,0,0,0,0,0,0,0,1
"Chaffee Lake","7/20/2009","2009","Ashford",41.93943,72.19431,"CT","CAES","N",21.04,1.603,3.3,"N",0,0,0,0,0,0,0,0,0,0,0,0,0,0,14,0,14,0.0185,7.3,130.5,24.75,2.3,0,0,0,0,1,0,0,0,0,0,1,0,0,0,0,1,0,1,0,0,1,0,0,0,1,0,0,0,0,1,0,0,0,0,0,0,0,0,0,0,0,0,0,0,0,0,0,0,0,0,1,0,0,0,0,0,1,0,0,0,0,0,0,0,0,0,0,0,0,0,1,0,0,0,0,0,0,0,0,0,0,0,1,0,0,0,0,0,0,0,0,0,0,0,0,0,1,0,0,0,0,0,0,0,0,0,0,0,0,0,0,1,0,0,1,0,0
"Chalkers Mill Pond","7/22/2005","2005","Old Saybrook",41.30229,72.39669,"CT","CAES","N",4.17,2.115,1,"N",0,0,0,0,0,0,0,0,0,0,0,0,0,0,9,0,9,0.033,5.75,146,19.88,0.5,0,0,1,0,0,0,0,0,1,0,0,0,0,0,0,0,0,0,0,0,0,0,0,0,0,0,0,0,0,0,0,0,0,0,0,0,0,0,0,0,0,0,0,0,0,0,0,0,0,0,1,0,0,0,0,0,0,1,0,0,0,0,0,0,0,0,0,0,0,0,0,0,0,1,0,0,0,0,1,0,0,0,0,1,1,0,0,0,0,0,0,0,0,0,0,0,0,0,0,0,0,0,0,0,0,0,0,0,0,0,0,0,0,1,0,0,0
"Chase Reservoir","8/8/2005","2005","Killingly",41.84679,71.83803,"CT","CAES","N",28.77,1.772,3,"Y",5e-04,5e-04,5e-04,5e-04,0,0,1,0,0,0,1,0,0,1,22,3,19,0.0215,6.25,67.5,10.88,2.7,0,0,1,0,0,0,0,0,0,0,1,0,0,0,0,1,1,0,0,0,0,1,0,1,1,0,0,0,0,0,0,0,1,0,1,0,0,0,0,0,0,0,0,0,0,0,0,0,0,0,1,0,0,0,0,0,1,1,0,0,0,0,0,0,1,0,0,0,0,0,0,0,0,0,0,0,0,0,0,0,0,0,1,0,0,0,0,0,0,0,0,0,1,0,0,0,1,0,0,0,0,0,0,0,0,0,0,0,0,0,1,0,0,1,1,0,0
"Clear Lake","7/19/2006","2006","Guilford",41.33719,72.74107,"CT","CAES","N",8.09,1.53,2.74,"N",0,0,0,0,0,0,0,0,0,0,0,0,0,0,5,0,5,0.059,6.2,199.5,28,3,0,0,1,0,0,0,0,0,0,0,0,0,0,0,0,0,0,0,0,0,0,0,0,0,0,0,0,0,0,0,0,0,0,0,0,0,0,0,0,0,0,0,0,0,0,0,0,0,0,0,0,0,0,1,0,0,1,1,0,0,0,0,0,0,0,0,0,0,0,0,1,0,0,0,0,0,0,0,0,0,0,0,0,0,0,0,0,0,0,0,0,0,0,0,0,0,0,0,0,0,0,0,0,0,0,0,0,0,0,0,0,0,0,0,0,0,0
"Coventry Lake","7/15/2008","2008","Coventry",41.77093,72.31974,"CT","CAES","N",150.95,1.859,10,"N",0,0,0,0,0,0,0,0,0,0,0,0,0,0,19,0,19,0.0345,6.5,57.5,24,3.3,0,1,0,0,0,0,0,0,1,0,0,0,0,0,0,1,1,1,0,1,1,0,0,0,1,0,1,0,0,0,0,0,0,0,0,0,0,0,0,0,0,0,0,0,0,0,0,0,0,1,1,0,0,0,0,0,0,0,0,0,0,0,0,0,0,0,1,0,0,0,0,0,1,0,0,0,0,0,0,0,0,0,1,0,1,0,0,0,0,0,0,0,1,0,0,0,0,0,0,0,0,0,0,0,0,0,0,0,0,0,0,1,0,0,1,0,1
"Crescent Lake","7/27/2005","2005","Enfield",42.02516,72.52218,"CT","CAES","N",14.16,2.058,2.5,"Y",2e-04,2e-04,2e-04,2e-04,0,0,1,0,0,0,0,0,0,0,7,1,6,0.164,5.9,152.5,27,1,0,0,0,0,0,0,0,0,0,0,0,0,0,0,0,0,0,1,0,0,0,0,0,0,1,0,0,0,0,0,0,0,0,0,0,0,0,0,0,0,0,0,0,0,0,0,0,0,0,0,1,0,0,1,0,0,0,1,0,0,0,0,0,0,0,0,0,0,0,0,0,0,0,0,1,0,0,0,0,0,0,0,0,0,0,0,0,0,0,0,0,0,0,0,0,0,0,0,0,0,0,0,0,0,0,0,0,0,0,0,0,0,0,0,0,0,0
"Crystal Lake (1)","combined","comb","Middletown",41.52188,72.63876,"CT","CAES","Y",12.55,2.523,6,"N",0,0,0,0,0,0,0,0,0,0,0,0,0,0,21,0,21,0.0375,6.15,121.1125,29.6375,1.45,0,0,0,0,0,0,0,0,1,0,0,0,0,1,0,0,1,0,0,0,1,0,0,0,1,0,1,0,0,0,0,0,0,1,0,0,1,0,0,0,1,0,0,0,0,0,0,0,0,1,1,0,0,1,0,0,0,1,0,0,0,0,0,0,0,0,0,0,0,0,1,0,1,0,1,0,0,0,0,0,0,0,0,0,1,0,0,1,0,0,0,0,1,0,0,0,1,0,0,0,0,0,1,0,0,0,0,0,0,0,0,0,0,0,0,0,0
"Crystal Lake (2)","7/22/2005","2005","Old Saybrook",41.30111,72.41396,"CT","CAES","N",2.23,1.969,1.2,"Y",0.093,0.093,0.093,0.093,0,0,1,0,0,0,0,0,0,0,25,1,24,0.0425,6.1,101.15,30.8,0.6,0,0,1,0,0,0,0,0,0,1,0,0,0,0,0,1,0,1,0,0,1,1,0,0,1,0,0,0,0,0,1,0,0,0,0,1,0,0,0,0,0,0,0,0,1,0,0,0,0,0,1,0,0,0,0,0,1,1,0,0,0,0,0,0,0,0,1,0,0,0,1,0,0,1,0,0,0,0,0,0,0,0,0,0,1,0,0,1,0,0,0,0,1,0,0,0,1,0,0,0,0,0,0,0,0,1,0,0,0,0,1,1,0,0,0,0,0
"Crystal Lake (3)","8/25/2005","2005","Ellington, Stafford",41.93605,72.37389,"CT","CAES","N",75.84,1.523,12,"Y",0.01,0.01,0.01,0.01,0,0,1,0,0,0,1,0,0,0,6,2,4,0.055,7.05,147,60,2.9,0,0,1,0,0,0,0,0,0,0,0,0,0,0,0,0,0,0,0,0,0,0,0,0,0,0,0,0,0,0,0,0,0,0,0,0,0,0,0,0,0,0,0,0,0,0,0,0,0,0,0,0,0,0,0,0,0,1,0,0,0,0,0,0,0,0,0,0,0,0,0,0,0,0,0,0,0,0,0,0,0,0,0,1,0,0,0,0,0,0,0,0,0,0,0,0,0,0,0,0,0,0,0,0,1,0,0,0,0,0,0,0,0,1,0,0,0
"Crystal Pond","7/16/2009","2009","Woodstock",41.92278,72.09932,"CT","CAES","N",58.68,1.82,5,"N",0,0,0,0,0,0,0,0,0,0,0,0,0,0,21,0,21,0.0805,6.2,63.55,14.65,2.3,0,0,0,0,0,0,0,1,0,0,0,0,0,1,0,0,1,0,0,0,1,1,0,0,1,0,1,0,0,0,0,0,0,0,0,0,0,0,0,0,0,0,0,0,0,0,0,0,0,0,1,0,1,0,0,0,0,0,0,0,0,0,0,0,0,0,0,0,1,0,0,0,0,1,0,1,0,0,0,0,0,0,0,0,1,0,0,1,0,0,0,0,1,0,0,0,1,0,1,0,0,0,0,0,0,0,0,0,0,0,1,1,0,1,1,0,0
"Cusick Pond","9/9/2009","2009","Bethany",41.38917,73.03082,"CT","CAES","N",0.08,1.081,2,"N",0,0,0,0,0,0,0,0,0,0,0,0,0,0,6,0,6,0.0185,6.55,82.5,55.15,2,0,0,0,0,0,0,0,1,0,0,0,0,0,0,0,0,0,0,0,0,0,0,0,0,0,0,1,0,0,0,0,0,0,0,0,0,0,1,0,0,0,0,0,0,0,0,0,0,0,0,0,0,0,0,0,0,0,0,0,0,0,0,0,0,0,0,0,0,0,0,0,0,0,1,1,0,0,0,0,0,0,0,0,0,0,0,0,0,0,0,0,0,0,0,0,0,1,0,0,0,0,0,0,0,0,0,0,0,0,0,0,0,0,0,0,0,0
"Dayton Pond","7/8/2005","2005","Wallingford",41.40869,72.80267,"CT","CAES","Y",2.67,2.669,2,"Y",0.0037,0.0037,0.0037,0.0037,0,0,1,0,0,0,1,0,0,0,8,2,6,0.067,6.8,208,87.38,1.4,0,0,0,0,0,0,0,0,1,0,0,0,0,0,0,0,0,0,0,0,1,0,0,0,0,0,0,0,0,0,0,0,0,0,0,0,0,0,0,0,0,0,0,0,0,0,0,0,0,1,0,0,0,0,0,0,0,0,0,0,0,0,0,0,0,0,0,0,0,0,0,0,0,0,1,0,0,0,0,1,0,0,1,0,0,0,0,0,0,0,0,0,0,0,0,0,0,0,0,0,0,0,0,0,0,0,0,0,0,0,0,0,0,0,0,0,0
"Deer Lake","9/14/2009","2009","Killingworth",41.34356,72.58872,"CT","CAES","N",12.95,2.188,2.3,"N",0,0,0,0,0,0,0,0,0,0,0,0,0,0,19,0,19,0.017,5.8,65.6,21.4,1.3,0,0,1,1,0,0,0,0,0,0,0,0,0,0,0,0,1,0,0,0,0,1,0,0,1,0,1,0,0,0,0,0,0,0,0,0,0,0,0,0,0,0,0,0,0,0,1,0,0,0,0,1,0,0,0,0,1,1,0,0,0,0,0,0,0,0,1,0,1,0,1,0,0,0,0,0,0,0,1,0,0,0,0,0,0,0,0,0,0,0,0,0,0,0,0,0,0,0,0,0,0,0,0,0,0,1,1,0,0,0,1,1,0,1,0,0,0
"Deer Lake Reservoir","9/14/2009","2009","Killingworth",41.34116,72.59215,"CT","CAES","N",2.43,1.313,5,"N",0,0,0,0,0,0,0,0,0,0,0,0,0,0,13,0,13,0.017,5.8,65.6,21.4,3.7,0,0,1,1,0,0,0,0,0,0,0,0,0,0,0,0,0,0,0,0,0,0,0,0,1,0,0,0,0,0,0,0,0,0,0,0,0,1,0,0,0,0,0,0,0,0,0,0,0,0,0,0,0,0,0,0,1,1,0,0,1,0,0,0,0,0,1,0,0,0,1,0,0,0,0,0,0,0,1,0,0,0,0,0,0,0,0,0,0,0,0,0,0,0,0,0,0,0,0,0,0,0,0,0,0,1,0,0,0,0,1,1,0,0,0,0,0
"Diamond Lake","7/14/2006","2006","Glastonbury",41.69494,72.48231,"CT","CAES","N",8.09,1.339,4,"N",0,0,0,0,0,0,0,0,0,0,0,0,0,0,10,0,10,0.011,6.45,67.5,5.65,2.5,0,0,1,0,0,0,0,0,0,0,1,0,0,0,0,0,0,0,0,0,1,1,0,0,0,0,1,0,0,0,0,0,0,0,0,0,0,0,0,0,0,0,0,0,0,0,0,0,0,0,0,0,1,0,0,0,0,1,0,0,1,0,0,0,0,0,0,0,0,0,0,0,0,0,0,0,0,0,0,0,0,0,0,0,1,0,0,0,0,0,0,0,0,0,0,0,0,0,0,0,0,0,0,1,0,0,0,0,0,0,0,0,0,0,0,0,0
"Dividend Pond, Lower","6/20/2012","2012","Rocky Hill",41.64631,72.63289,"CT","CAES","N",0.53,1.58,1,"Y",0.0635,0.0635,0.0635,0.0635,0,0,1,0,0,0,0,0,0,0,3,1,2,0.0521,7.55,355.5,69.75,1,0,0,0,0,0,0,0,0,1,0,0,0,0,0,0,0,0,0,0,0,1,0,0,0,0,0,0,0,0,0,0,0,0,0,0,0,0,0,0,0,0,0,0,0,0,0,0,0,0,0,0,0,0,0,0,0,0,0,0,0,0,0,0,0,0,0,0,0,0,0,0,0,0,0,0,0,0,0,0,0,0,0,0,0,0,0,0,0,0,0,0,0,0,0,0,0,0,0,0,0,0,0,0,0,0,0,0,0,0,0,0,0,0,0,0,0,0
"Dividend Pond, Upper","6/20/2012","2012","Rocky Hill",41.64575,72.63426,"CT","CAES","N",2.35,1.608,1,"Y",0.0292,0.0292,0.0292,0.0292,0,0,1,0,0,0,0,0,0,0,7,1,6,0.1733,7.4,331,69.4,0.9,0,0,0,0,0,0,0,0,0,0,0,0,0,0,0,0,0,0,0,0,1,0,0,0,0,0,0,0,0,0,0,0,0,0,0,0,1,0,0,0,0,0,0,0,0,0,0,0,0,0,0,0,0,0,0,0,0,1,0,0,0,0,0,0,0,0,0,0,0,0,0,0,1,0,0,0,0,0,0,0,0,0,0,0,0,0,0,0,0,0,0,0,1,0,0,0,0,0,0,0,1,0,0,0,0,0,0,0,0,0,0,0,0,0,0,0,0
"Doaneville Pond","7/7/2011","2011","Griswold",41.56392,71.87308,"CT","CAES","N",27.68,1.559,2,"Y",2e-04,2e-04,2e-04,2e-04,0,0,1,0,0,0,1,1,0,0,21,3,18,0.0515,6.05,58.1,6.7,1,0,0,1,1,0,0,0,0,0,0,0,0,0,1,0,0,1,0,0,0,0,1,0,1,0,0,1,0,0,0,0,0,0,0,0,0,0,0,0,0,0,0,0,0,0,0,0,0,0,0,1,0,0,0,0,0,1,1,0,1,0,0,0,1,0,0,1,0,0,0,1,0,0,0,0,0,0,0,1,0,0,0,0,0,0,0,0,0,0,0,0,0,1,0,0,0,0,0,0,0,0,0,1,0,0,0,0,0,0,0,0,0,0,0,1,0,0
"Dog Pond","8/5/2005","2005","Goshen",41.81353,73.2388,"CT","CAES","N",26.63,1.238,3.353,"N",0,0,0,0,0,0,0,0,0,0,0,0,0,0,13,0,13,0.043,6.9,145,49.88,2.5,0,0,0,0,0,0,0,0,1,0,0,0,0,0,0,0,0,0,0,1,0,0,0,0,0,0,0,0,0,0,0,0,0,0,0,0,0,0,0,0,0,0,0,0,0,0,0,0,0,1,0,0,1,0,0,0,1,1,0,0,0,0,0,0,0,0,0,0,1,0,0,0,0,0,0,1,0,0,0,0,0,0,0,0,0,1,0,1,0,1,0,1,1,0,0,0,0,0,0,0,0,0,0,0,0,0,0,0,0,0,0,0,0,0,0,0,0
"Dunlop Pond (Unnamed Lake with Dam #3036)","9/1/2005","2005","Darien",41.07916,73.46074,"CT","CAES","N",2.99,1.435,4,"Y",0.1859,0.2478,0.2478,0.1239,0,0,1,0,0,0,0,0,0,1,6,2,4,0.0975,6.6,487.5,73.5,1.4,0,0,0,0,0,0,0,0,0,0,0,0,0,0,0,0,0,0,0,0,1,0,0,0,0,0,0,0,0,0,0,0,0,0,0,0,0,0,0,0,0,0,0,0,0,0,0,0,0,0,0,0,0,0,0,0,0,1,0,0,0,0,0,0,0,0,0,0,0,0,0,0,0,0,0,0,0,0,0,0,0,0,0,0,0,0,0,0,0,0,0,0,0,0,0,0,0,0,1,0,0,0,0,0,0,0,0,0,0,0,0,0,0,0,1,0,0
"Echo Lake","9/7/2005","2005","Watertown",41.60138,73.09778,"CT","CAES","N",4.33,1.406,2,"Y",0.008,0.008,0.008,0.008,0,0,1,0,0,0,0,0,0,0,6,1,5,0.048,6.45,193.5,26.25,1.2,0,0,0,0,1,0,0,0,0,0,0,0,0,0,0,0,0,0,0,0,1,0,0,0,0,0,0,0,0,0,0,0,0,0,0,0,0,0,0,0,0,0,0,0,0,0,0,0,0,0,0,0,0,1,0,0,0,0,0,0,0,0,0,0,0,0,0,0,0,0,1,0,0,1,0,0,0,0,0,0,0,0,0,0,0,0,0,0,0,0,0,0,0,0,0,0,0,0,0,0,0,0,0,0,0,0,0,0,0,0,0,0,0,0,0,0,0
"Elise Lake","7/12/2011","2011","Middlebury",41.52323,73.14099,"CT","CAES","N",6.27,1.548,2,"Y",0.0017,0.0017,0.0017,0.0017,0,0,1,0,0,0,1,0,0,0,15,2,13,0.055,6.75,173,18.8,1.2,0,0,1,1,1,0,0,0,0,1,0,0,0,0,0,0,0,0,0,0,1,0,0,0,0,0,0,0,0,0,0,0,0,0,0,0,0,0,0,0,0,0,0,0,0,0,1,0,0,0,0,0,0,0,0,0,1,1,0,0,0,0,0,0,0,0,0,0,0,0,1,0,0,1,0,0,0,0,0,0,0,0,0,0,1,0,0,0,0,0,0,0,1,0,0,0,0,0,0,0,0,0,0,0,0,1,0,0,0,0,0,0,0,0,0,0,0
"Fall Mountain Lake","9/15/2009","2009","Terryville",41.64861,72.98933,"CT","CAES","N",12.14,1.596,1.7,"N",0,0,0,0,0,0,0,0,0,0,0,0,0,0,19,0,19,0.012,6.65,183,24.05,1.7,0,0,0,0,1,0,0,0,0,0,0,0,0,1,0,0,1,0,0,0,1,1,0,0,0,0,1,0,0,0,0,0,0,0,0,0,0,1,0,0,0,0,0,0,0,0,1,0,0,1,1,0,0,1,0,0,1,0,0,0,0,0,0,0,0,0,0,0,0,0,1,0,0,1,0,0,0,0,0,0,0,0,0,0,1,0,0,0,0,0,0,0,1,0,0,0,1,0,0,0,0,0,1,0,0,0,0,0,0,0,0,0,0,1,0,0,0
"Farm Brook Reservoir","6/26/2012","2012","Hamden",41.39612,72.9421,"CT","CAES","N",6.07,1.194,2,"Y",0.0016,0.0016,0.0016,0.0016,0,0,1,0,0,0,0,0,0,0,8,1,7,0.1647,7.55,51,13.5,0.3,1,0,0,0,1,0,0,0,0,0,0,0,0,0,0,1,1,0,0,0,1,0,0,0,0,0,0,0,0,0,0,0,0,0,0,0,0,0,0,0,0,0,0,0,0,0,0,0,0,0,0,0,0,0,0,0,0,0,0,0,0,0,1,0,0,0,0,0,0,0,0,0,0,0,0,0,0,0,0,0,0,0,0,0,0,0,0,0,0,0,0,0,0,0,0,0,0,0,0,0,1,0,0,0,0,0,0,0,0,0,0,0,0,0,0,0,0
"Fence Rock Lake","combined","comb","Guilford",41.32004,72.67371,"CT","CAES","Y",6.84,1.412,5,"N",0,0,0,0,0,0,0,0,0,0,0,0,0,0,25,0,25,0.0295,6.28,75.06,14.395,2.28,0,0,1,0,1,0,0,0,1,0,0,0,1,1,0,1,1,0,0,0,0,0,0,0,1,0,1,0,0,0,0,0,0,0,0,0,1,0,0,0,0,0,0,0,0,0,1,0,0,0,1,1,0,1,0,0,1,1,0,0,0,0,0,0,0,0,1,0,0,0,1,0,0,1,1,0,0,0,0,0,0,0,0,0,1,0,0,0,0,0,0,0,1,0,0,0,0,0,0,0,1,0,1,0,0,1,0,0,0,0,0,0,0,0,0,0,0
"Forest Lake","9/13/2007","2007","Bridgeport",41.21996,73.20664,"CT","CAES","N",26.71,2.158,6,"N",0,0,0,0,0,0,0,0,0,0,0,0,0,0,4,0,4,0.016,6.6,143,17.25,1.8,0,0,0,0,0,0,0,0,0,0,1,0,0,0,0,0,0,0,0,0,0,0,0,0,0,0,0,0,0,0,0,0,0,0,0,0,0,0,0,0,0,0,0,0,0,0,0,0,0,0,0,0,0,1,0,0,0,0,1,0,0,0,0,0,0,0,0,0,0,0,1,0,0,0,0,0,0,0,0,0,0,0,0,0,0,0,0,0,0,0,0,0,0,0,0,0,0,0,0,0,0,0,0,0,0,0,0,0,0,0,0,0,0,0,0,0,0
"Gables Pond","8/3/2009","2009","Farmington",41.74178,72.84136,"CT","CAES","N",5.58,1.622,3,"N",0,0,0,0,0,0,0,0,0,0,0,0,0,0,15,0,15,0.014,7.1,183,45.05,2.6,1,0,0,0,0,0,0,0,1,1,0,0,0,0,0,1,1,0,0,0,1,0,0,0,0,0,0,0,0,0,0,0,0,0,0,0,0,0,0,0,0,0,0,0,0,0,0,0,0,1,1,0,0,1,0,0,0,1,0,0,0,0,0,0,0,0,0,0,1,0,0,0,0,0,0,0,0,0,0,0,0,0,0,0,1,0,0,0,0,0,0,0,1,0,0,0,1,0,0,0,0,0,0,0,0,0,0,0,0,0,0,1,0,0,0,0,0
"Gardner Lake","7/24/2006","2006","Bozrah, Montville, Salem",41.50874,72.22279,"CT","CAES","N",214.08,1.636,11.887,"N",0,0,0,0,0,0,0,0,0,0,0,0,0,0,16,0,16,0.011,6.1,78.95,9.75,2,0,0,1,1,0,0,0,0,1,0,1,0,0,0,0,1,0,1,0,0,1,1,0,0,1,0,1,0,0,0,0,0,0,0,0,0,0,0,0,0,0,0,0,0,1,0,0,0,0,0,1,0,1,0,0,0,1,1,0,0,0,0,0,0,0,0,0,0,0,0,1,0,0,0,0,0,0,0,0,0,0,0,0,0,0,0,0,0,0,0,0,0,0,0,0,0,0,0,0,0,0,0,0,0,0,0,0,0,0,0,0,0,0,0,0,0,0
"Gladstone Pond","8/10/2006","2006","Killingworth",41.39102,72.5576,"CT","CAES","N",0.32,1.319,2.5,"N",0,0,0,0,0,0,0,0,0,0,0,0,0,0,4,0,4,0.0695,5.75,76,15,0.8,0,0,1,0,0,0,0,0,0,0,0,0,0,0,0,0,0,0,0,0,0,0,0,0,0,0,0,0,0,0,0,0,0,0,0,0,0,0,0,0,0,0,0,0,0,0,0,0,0,0,0,0,0,0,0,0,0,1,0,0,0,0,0,0,0,0,0,1,0,0,0,0,0,0,0,0,0,0,0,0,0,0,0,0,0,0,0,0,0,0,0,0,0,0,0,0,1,0,0,0,0,0,0,0,0,0,0,0,0,0,0,0,0,0,0,0,0
"Great Hill Pond","8/11/2006","2006","Portland",41.57392,72.56294,"CT","CAES","N",30.76,1.372,2.743,"N",0,0,0,0,0,0,0,0,0,0,0,0,0,0,19,0,19,0.002,6.15,52,8.85,2.4,0,0,1,1,0,0,0,0,0,0,1,0,0,0,0,1,0,1,0,0,1,0,0,0,1,0,0,0,0,0,0,0,0,0,0,0,0,0,0,0,0,0,0,0,0,0,0,0,0,0,0,0,0,0,0,0,1,1,0,0,0,0,0,0,0,0,0,0,0,0,0,0,0,1,0,0,0,0,0,0,0,0,0,1,1,0,0,0,0,0,0,1,1,0,0,0,0,0,0,0,0,0,1,0,0,1,0,0,0,0,1,1,0,0,1,0,0
"Green Falls Reservoir","8/2/2005","2005","Voluntown",41.53006,71.80907,"CT","CAES","N",19.51,1.897,7.92,"N",0,0,0,0,0,0,0,0,0,0,0,0,0,0,10,0,10,0.003,5,20.05,0.75,5.6,0,0,0,0,0,0,0,0,0,0,0,0,0,0,0,0,0,1,0,0,0,1,0,0,1,0,0,0,0,0,0,0,0,0,0,0,0,0,0,0,0,0,0,0,0,0,1,0,0,0,0,0,0,0,0,0,1,1,0,0,0,0,0,0,0,0,0,0,0,0,0,1,0,0,0,0,0,0,0,0,0,0,0,0,0,0,0,0,0,0,0,0,0,0,0,0,0,0,0,0,0,0,1,0,0,0,0,0,0,0,1,1,0,0,0,0,0
"Halls Pond, Ashford","8/1/2005","2005","Eastford",41.84019,72.10908,"CT","CAES","N",33.18,1.638,4.267,"Y",8e-04,8e-04,8e-04,8e-04,0,0,0,0,0,0,1,0,0,0,19,1,18,0.007,6.05,44.05,7.5,3,0,0,1,0,0,0,0,0,0,1,1,0,0,0,0,1,1,0,0,0,1,1,0,0,1,0,0,0,1,0,0,0,0,0,0,0,0,1,0,0,0,0,0,0,0,0,0,0,0,0,1,0,0,0,0,0,1,0,0,0,0,0,0,0,0,0,1,0,0,0,1,0,0,1,0,0,0,0,0,0,0,0,0,0,0,0,0,1,0,0,0,0,1,0,0,0,0,0,0,0,0,0,0,0,0,1,0,0,0,0,0,0,0,0,0,0,0
"Hamlin Pond","8/24/2005","2005","Plainville",41.67057,72.8475,"CT","CAES","N",4.86,1.213,4,"Y",0.0058,0.0058,0.0058,0.0058,0,0,1,0,0,0,0,0,0,1,8,2,6,0.0895,6.7,262.5,72.38,1.2,0,0,0,0,0,0,0,0,1,0,0,0,0,0,0,0,0,0,0,0,1,0,0,0,0,0,0,0,0,0,0,0,0,0,0,0,0,0,0,0,0,0,0,0,0,0,0,0,0,1,0,0,0,0,0,0,1,0,0,0,0,0,0,0,0,0,0,0,1,0,0,0,0,0,0,0,0,0,0,0,0,0,0,0,1,0,0,0,0,0,0,0,0,0,0,0,0,0,0,0,0,0,0,0,0,0,0,0,0,0,0,0,0,0,0,0,0
"Hatch Pond","6/14/2012","2012","Kent ",41.68358,73.47777,"CT","CAES","N",26.71,1.491,4,"Y",0.1725,0.1725,0.1725,0.1725,0,0,0,1,0,0,1,1,0,0,15,3,12,0.1574,7.3,257,112.15,2,0,0,0,0,0,0,0,0,1,1,0,0,0,0,0,0,0,0,0,1,0,0,0,0,0,0,0,0,0,0,0,0,0,0,0,0,0,0,0,0,0,0,0,0,0,0,0,0,1,0,0,0,0,0,0,0,1,1,0,0,0,1,0,0,0,0,1,0,0,0,0,0,1,0,0,0,0,0,0,0,0,0,0,0,0,0,0,0,0,1,0,0,0,0,0,0,0,0,1,0,1,0,0,0,0,0,0,0,0,0,0,0,0,0,0,0,0
"Hayward Lake","combined","comb","East Haddam",41.51878,72.32729,"CT","CAES","Y",69.61,1.996,10.668,"N",0,0,0,0,0,0,0,0,0,0,0,0,0,0,33,0,33,0.0138,6.1,103.5,11.44,2.35,1,0,1,1,0,0,0,0,0,1,1,1,0,1,0,0,1,0,0,0,0,1,0,1,0,0,0,0,0,0,0,0,0,0,0,0,1,0,0,0,0,0,0,0,1,0,0,1,0,0,1,0,0,0,0,0,1,1,0,0,1,0,0,0,0,0,1,0,0,0,1,0,0,1,1,0,0,0,0,0,0,0,0,1,1,0,0,1,0,0,1,0,1,0,0,0,1,0,0,0,0,0,1,0,0,1,0,1,0,0,1,1,0,1,0,0,0
"Held Pond","7/1/2011","2011","Weston",41.18087,73.37183,"CT","CAES","N",12.71,1.315,13,"N",0,0,0,0,0,0,0,0,0,0,0,0,0,0,13,0,13,0.0165,7.4,205,35.65,2.5,1,0,0,0,0,0,0,0,1,0,0,0,0,0,0,0,1,0,0,0,0,0,0,0,1,1,0,0,0,0,0,0,0,0,0,0,0,0,0,0,0,0,0,0,0,0,0,0,0,0,1,0,0,1,0,0,0,1,0,0,0,0,0,0,0,0,1,0,0,0,1,0,1,0,1,0,0,0,0,0,0,0,0,0,0,0,0,0,0,0,0,0,0,0,0,0,0,0,0,0,1,0,0,0,0,0,0,0,0,0,0,0,0,0,0,0,0
"Hidden Lake","7/11/2005","2005","Higganum",41.42103,72.57104,"CT","CAES","N",15.78,1.728,2,"N",0,0,0,0,0,0,0,0,0,0,0,0,0,0,19,0,19,0.0185,5.65,75.8,6.75,1.9,0,0,1,0,0,0,0,0,0,0,1,0,0,0,0,1,0,1,0,0,0,0,0,0,1,0,0,0,0,0,1,0,0,0,0,0,0,0,0,0,0,0,0,0,0,0,0,0,0,0,1,0,0,0,0,0,1,1,0,0,0,0,0,0,0,0,1,0,0,0,1,0,0,1,0,0,0,0,1,0,0,0,0,0,1,0,0,0,0,0,0,0,0,0,0,0,0,0,0,0,0,0,0,0,0,0,1,0,0,0,1,1,0,1,1,0,0
"Higby Reservor #1","9/22/2010","2010","Middletown",41.54686,72.72233,"CT","CAES","N",24.73,1.659,6,"N",0,0,0,0,0,0,0,0,0,0,0,0,0,0,5,0,5,0.0145,7.4,102.5,19.55,1,0,0,0,0,0,0,0,0,0,0,0,0,0,0,0,1,0,1,0,0,0,0,0,0,1,0,0,0,0,0,0,0,0,0,0,0,0,0,0,0,0,0,0,0,0,0,0,0,0,0,0,0,0,0,0,0,0,0,0,0,0,0,0,0,0,0,0,0,0,0,0,0,0,0,0,0,0,0,0,0,0,0,0,0,0,0,0,0,0,0,0,0,0,1,0,0,0,0,0,0,0,0,0,0,0,1,0,0,0,0,0,0,0,0,0,0,0
"Higby Reservor #2","9/22/2010","2010","Middletown",41.54399,72.72083,"CT","CAES","N",7.28,1.514,2,"N",0,0,0,0,0,0,0,0,0,0,0,0,0,0,4,0,4,0.0415,7.1,156,29.65,0.8,0,0,0,0,0,0,0,0,0,0,0,0,0,0,0,1,0,1,0,0,1,0,0,0,0,0,0,0,0,0,0,0,0,0,0,0,0,0,0,0,0,0,0,0,0,0,0,0,0,0,0,0,0,0,0,0,0,0,0,0,0,0,0,0,0,0,0,0,0,0,0,0,0,0,0,0,0,0,0,0,0,0,0,0,0,0,0,0,0,0,0,0,0,1,0,0,0,0,0,0,0,0,0,0,0,0,0,0,0,0,0,0,0,0,0,0,0
"Higby Reservor #3","9/24/2010","2010","Middletown",41.53777,72.72257,"CT","CAES","N",17.12,1.341,1.8,"N",0,0,0,0,0,0,0,0,0,0,0,0,0,0,3,0,3,0.044,7.1,154,32.25,1.5,0,0,0,0,0,0,0,0,0,0,0,0,0,0,0,0,0,0,0,0,1,0,0,0,1,0,0,0,0,0,0,0,0,0,0,0,0,0,0,0,0,0,0,0,0,0,0,0,0,0,0,0,0,0,0,0,0,0,0,0,0,0,0,0,0,0,0,0,0,0,0,0,0,0,0,0,0,0,0,0,0,0,0,0,0,0,0,0,0,0,0,0,0,1,0,0,0,0,0,0,0,0,0,0,0,0,0,0,0,0,0,0,0,0,0,0,0
"Higby Reservor #4","9/24/2010","2010","Middletown",41.55274,72.72902,"CT","CAES","N",11.29,1.964,4,"N",0,0,0,0,0,0,0,0,0,0,0,0,0,0,3,0,3,0.004,6.85,44,14.35,1,0,0,0,0,0,0,0,0,0,0,0,0,0,0,0,0,0,1,0,0,0,1,0,0,1,0,0,0,0,0,0,0,0,0,0,0,0,0,0,0,0,0,0,0,0,0,0,0,0,0,0,0,0,0,0,0,0,0,0,0,0,0,0,0,0,0,0,0,0,0,0,0,0,0,0,0,0,0,0,0,0,0,0,0,0,0,0,0,0,0,0,0,0,0,0,0,0,0,0,0,0,0,0,0,0,0,0,0,0,0,0,0,0,0,0,0,0
"Horse Pond","8/4/2005","2005","Salem",41.46175,72.25084,"CT","CAES","N",5.34,1.251,5.1,"N",0,0,0,0,0,0,0,0,0,0,0,0,0,0,15,0,15,0.03,6,81,11.63,2.6,0,0,1,0,0,0,0,0,0,1,0,0,0,0,0,0,0,0,0,0,1,1,0,0,0,0,0,0,0,0,0,0,0,0,0,0,0,0,0,0,0,0,0,0,0,0,0,0,0,0,1,0,0,0,0,0,1,1,0,0,0,0,0,0,0,0,0,0,0,0,1,0,0,1,0,0,0,0,0,0,0,0,0,1,0,0,0,0,0,0,0,0,0,0,0,0,0,0,0,0,0,0,1,0,0,0,1,0,0,0,1,1,0,1,0,0,0
"Horseshoe Pond","6/21/2013","2013","Wilton",41.18232,73.42648,"CT","CAES","N",2.23,1.359,1,"Y",0.024,0.024,0.024,0.024,0,0,1,1,0,0,1,0,0,0,11,3,8,0.05405,6.45,394.5,34.9,0.8,0,0,0,0,0,0,0,0,0,1,0,0,0,0,0,0,1,0,0,0,0,0,0,0,0,0,0,0,0,0,0,0,0,0,0,0,0,0,0,0,0,0,0,0,0,0,0,0,0,0,0,0,0,1,0,0,0,1,0,0,0,0,0,0,0,0,0,0,0,0,0,0,0,0,1,0,0,0,0,0,0,0,0,0,1,0,0,0,0,1,0,0,0,0,0,0,0,0,0,0,0,0,0,0,0,1,0,0,0,0,0,0,0,0,0,0,0
"Hospital Reservoir #3","9/30/2009","2009","Middletown",41.54433,72.60446,"CT","CAES","N",2.39,1.324,5.5,"N",0,0,0,0,0,0,0,0,0,0,0,0,0,0,8,0,8,0.006,6.4,52.3,14.3,4,0,0,0,0,0,0,0,0,0,0,0,0,0,0,0,0,1,0,0,0,0,0,0,0,1,0,0,0,0,0,0,0,0,0,0,0,0,0,0,0,0,0,0,0,0,0,1,0,0,0,0,0,0,0,0,0,0,0,0,0,0,0,0,0,0,0,0,0,0,0,1,0,0,0,0,0,0,0,0,0,0,0,0,0,0,0,0,0,0,0,1,0,0,0,0,0,0,0,0,0,0,0,0,0,0,1,0,0,0,1,1,0,0,0,0,0,0
"Housatonic Lake","7/12/2005","2005","Derby, Monroe, Oxford, Seymour, Shelton",41.32818,73.10852,"CT","CAES","N",132.74,4.132,7.925,"N",0,0,0,0,0,0,0,0,0,0,0,0,0,0,16,0,16,0.02,7.25,238,85.5,2,0,0,0,0,0,0,0,0,1,0,0,0,0,0,0,0,1,0,0,0,1,0,0,0,0,0,0,0,0,0,0,0,0,0,0,0,0,0,0,0,0,0,0,0,0,0,0,0,0,1,0,0,1,1,0,0,0,1,0,0,0,0,0,0,0,0,0,0,0,0,1,0,1,0,0,1,0,1,0,0,0,0,1,0,1,0,0,0,0,0,0,0,0,0,0,0,0,0,1,0,0,0,0,0,0,0,0,0,0,0,0,0,0,0,1,1,0
"Howells Pond","8/12/2005","2005","Hartland",42.02222,72.99288,"CT","CAES","N",5.79,1.372,2.468,"N",0,0,0,0,0,0,0,0,0,0,0,0,0,0,9,0,9,0.0375,5.4,29.5,4.5,1.2,0,0,1,0,0,0,0,0,0,0,0,0,0,0,0,0,0,0,0,0,0,0,0,0,0,0,0,0,0,0,0,0,0,0,0,0,0,0,0,0,0,0,0,0,0,0,1,0,0,0,0,0,1,0,0,0,1,0,0,0,0,0,0,0,0,0,1,0,0,0,1,0,0,1,0,0,0,0,0,0,0,0,0,0,0,0,0,0,0,0,0,0,0,0,0,0,1,0,0,0,0,0,0,0,0,0,0,0,0,0,0,0,0,1,0,0,0
"Hummers Pond","7/28/2005","2005","Madison",41.28351,72.58265,"CT","CAES","N",3.08,1.994,2,"Y",0.44,0.44,0.44,0.44,0,0,0,0,0,0,0,0,0,1,9,1,8,0.0755,6.05,196.5,31.5,1.5,0,0,1,0,0,0,0,0,1,0,0,0,0,0,0,0,0,0,0,0,0,0,0,0,0,0,0,0,0,0,0,0,0,0,0,0,0,0,0,0,0,0,0,0,0,0,0,0,0,0,0,0,0,0,0,0,1,1,0,0,0,0,0,0,0,0,0,0,0,0,1,0,0,0,1,0,0,0,0,0,0,0,0,0,0,0,0,0,0,0,0,0,0,0,0,0,0,0,0,0,0,0,0,0,0,1,0,0,0,0,1,0,0,0,0,0,0
"Indian Lake (1)","8/3/2006","2006","Orange",41.25053,73.00999,"CT","CAES","N",10.93,2.028,4,"Y",0.0333,0.0333,0.0333,0.0333,0,0,1,0,0,0,0,0,0,1,13,2,11,0.069,7.05,228.5,55.9,1,0,0,0,0,0,0,0,0,0,1,1,0,0,0,0,0,0,1,0,0,1,0,0,0,0,0,0,0,0,0,0,0,0,0,0,0,0,0,0,0,0,0,0,0,0,0,0,0,0,0,0,0,0,1,0,0,1,1,0,0,0,0,0,0,0,0,1,0,0,0,1,0,0,1,0,0,0,0,0,0,0,0,0,0,1,0,0,0,0,0,0,0,0,0,0,0,0,0,0,0,0,0,0,0,0,0,0,0,0,0,0,0,0,0,0,0,0
"Indian Lake (2)","8/10/2009","2009","Sharon",41.91828,73.49461,"CT","CAES","N",82.96,1.58,3,"Y",6e-04,6e-04,6e-04,6e-04,0,0,0,0,0,0,1,0,0,0,21,1,20,0.014,7.5,116.25,274,2,0,0,1,0,0,0,0,0,1,0,0,0,0,0,0,0,0,0,0,1,0,0,0,0,0,0,0,0,0,0,0,0,0,0,0,0,1,0,0,0,0,0,0,0,1,0,0,0,0,1,0,0,1,0,0,0,0,1,0,0,0,0,0,0,0,0,0,0,0,0,0,0,1,0,0,0,1,0,1,0,0,0,0,0,1,1,1,0,0,1,0,1,0,0,0,0,0,0,0,0,0,0,1,0,0,1,0,0,0,0,1,0,0,0,1,0,0
"Ingham Pond (Lake Rockview)","7/22/2005","2005","Old Saybrook",41.29901,72.39684,"CT","CAES","N",5.79,1.311,10,"N",0,0,0,0,0,0,0,0,0,0,0,0,0,0,13,0,13,0.039,5.8,78.3,12.75,3.7,0,0,1,0,0,0,0,0,0,0,0,0,0,0,0,1,1,0,0,0,0,0,0,0,0,0,0,0,0,0,1,0,0,0,0,0,0,0,0,0,0,0,0,0,0,0,0,0,0,0,1,0,0,0,0,0,0,1,0,0,0,0,0,0,0,0,1,0,0,0,1,0,0,1,0,1,0,0,0,0,0,0,0,1,0,0,0,0,0,0,0,0,0,0,0,0,0,0,0,0,0,0,0,0,0,1,0,0,0,0,1,0,0,0,0,0,0
"Ivoryton Pond","8/21/2006","2006","Ivoryton",41.34751,72.43418,"CT","CAES","N",1.01,1.482,2,"N",0,0,0,0,0,0,0,0,0,0,0,0,0,0,8,0,8,0.055,6.6,89.5,29.25,2,0,0,1,1,0,0,0,0,0,0,0,0,0,0,0,0,0,0,0,0,1,0,0,0,0,0,0,0,0,0,0,0,0,0,0,0,0,0,0,0,0,0,0,0,0,0,0,0,0,0,0,0,0,0,0,0,1,0,0,0,0,0,0,0,0,0,0,0,0,0,1,0,0,0,0,0,0,0,0,0,0,0,0,1,1,0,0,0,0,0,0,0,0,0,0,0,0,0,0,0,0,0,0,0,0,0,0,0,0,0,0,0,0,1,0,0,0
"Keley (Kelsey) Pond","8/8/2006","2006","Guilford",41.36054,72.70377,"CT","CAES","N",4.45,1.378,1,"N",0,0,0,0,0,0,0,0,0,0,0,0,0,0,3,0,3,0.038,6.45,112.5,24.4,0.75,0,0,1,0,0,0,0,0,0,0,0,0,0,0,0,0,0,0,0,0,0,0,0,0,0,0,0,0,0,0,0,0,0,0,0,0,0,0,0,0,0,0,0,0,0,0,0,0,0,0,0,0,0,0,0,0,0,0,0,0,0,0,0,0,0,0,0,0,0,0,1,0,0,0,0,0,0,0,0,0,0,0,0,0,0,0,0,0,0,0,0,0,0,0,0,0,1,0,0,0,0,0,0,0,0,0,0,0,0,0,0,0,0,0,0,0,0
"Lakeview Lake (Willow Lake)","8/18/2006","2006","West Hartford",41.80343,72.77213,"CT","CAES","N",1.09,1.343,1,"Y",0.1605,0.1605,0.1605,0.1605,0,0,1,0,0,0,0,1,0,0,7,2,5,0.053,6.8,178,63.9,1.3,0,0,0,0,0,0,0,0,0,0,0,0,0,0,0,0,0,0,0,0,0,0,1,0,0,0,0,0,0,0,0,0,0,0,0,0,0,1,0,0,0,0,0,0,0,0,0,0,0,0,1,0,0,0,0,0,0,0,0,0,0,0,0,0,0,0,0,0,0,0,1,0,0,0,0,0,0,0,0,0,0,0,0,0,0,0,0,0,0,0,0,0,1,0,0,0,0,0,0,0,0,0,0,0,0,0,0,0,0,0,0,0,0,0,0,0,0
"Larkin Pond","7/3/2011","2011","Middlebury",41.50103,73.11168,"CT","CAES","N",3.44,1.349,3,"Y",0.0094,0.0094,0.0094,0.0094,0,0,1,0,0,0,0,0,0,0,11,1,10,0.056,7.65,130,13.9,0.8,0,0,1,0,0,0,0,0,0,1,0,0,0,1,0,0,0,0,0,0,0,0,0,0,0,0,0,0,0,0,0,0,0,0,0,0,0,0,0,0,0,0,0,0,0,0,0,0,0,0,0,0,0,0,0,0,1,1,0,0,0,0,0,0,0,0,1,0,0,0,0,0,0,1,0,0,0,0,0,0,0,0,0,0,1,0,0,0,0,0,0,0,1,0,0,0,0,0,0,0,1,0,0,0,0,0,0,0,0,0,0,0,0,0,0,0,0
"Laurel Lake","combined","comb","New Hartford",41.88743,73.01997,"CT","CAES","Y",6.47,1.388,7,"N",0,0,0,0,0,0,0,0,0,0,0,0,0,0,19,0,19,0.0545,6.35,111.5,32.25,3.6,1,0,0,0,0,0,0,0,0,1,0,0,0,1,0,0,1,0,0,0,0,0,0,0,0,0,1,0,0,0,0,0,0,0,0,0,1,0,0,0,0,0,0,0,0,0,0,0,0,0,1,0,0,1,0,0,0,0,0,0,0,0,1,0,0,0,0,0,1,0,1,0,0,1,0,0,0,0,1,0,0,0,0,0,1,0,0,0,0,0,0,0,1,0,0,0,1,0,0,0,1,0,0,0,0,0,0,1,0,0,0,0,0,0,1,0,0
"Linsley Pond","8/25/2005","2005","Branford, North Branford",41.31704,72.78478,"CT","CAES","N",9.27,1.183,13.41,"N",0,0,0,0,0,0,0,0,0,0,0,0,0,0,9,0,9,0.174,6.35,299,100.5,4.5,0,0,0,0,0,0,0,0,1,0,0,0,0,0,0,0,0,0,0,0,1,0,0,0,0,0,0,0,0,0,0,0,0,0,0,0,0,0,0,0,0,0,0,0,0,0,0,0,0,0,0,0,0,0,0,0,1,1,0,0,0,0,0,0,0,0,0,0,0,0,0,0,0,0,1,0,1,0,0,0,0,0,0,0,0,1,0,0,0,1,0,0,0,0,0,0,0,0,0,0,0,0,0,0,0,0,0,0,0,0,0,0,0,0,0,0,1
"Long Meadow Pond","combined","comb","Bethlehem",41.6535,73.20825,"CT","CAES","Y",40.47,2.168,2.134,"N",0,0,0,0,0,0,0,0,0,0,0,0,0,0,31,0,31,0.0964,6.925,88.05,17.8125,1.85,1,0,1,0,0,0,0,0,1,1,1,0,0,1,0,0,1,0,0,1,1,0,0,0,0,0,1,0,0,0,0,0,0,0,0,0,0,1,0,0,0,0,0,0,0,0,0,0,0,0,1,0,1,1,0,0,1,1,0,0,0,0,0,0,0,0,1,0,1,0,1,0,1,1,1,0,0,0,0,0,0,0,0,0,0,0,0,0,1,0,0,0,0,0,0,0,1,0,0,0,1,0,0,0,0,1,1,1,0,1,0,0,0,1,1,0,0
"Lower Moodus Reservoir","combined","comb","Moodus",41.51451,72.42203,"CT","CAES","Y",50.99,2.115,4,"Y",1e-04,1e-04,1e-04,1e-04,0,0,1,0,0,0,0,0,0,0,36,1,35,0.034,6.025,72.3,10.325,1.75,0,0,1,1,1,0,0,0,1,1,0,0,1,1,0,0,1,0,0,0,1,1,0,0,1,0,1,0,0,0,0,0,0,0,0,0,1,0,0,0,0,0,0,0,1,0,1,0,0,0,1,0,0,0,0,0,1,1,0,0,0,0,0,0,0,0,1,0,1,0,1,0,1,1,1,0,0,0,0,0,0,0,0,1,1,0,0,0,0,0,0,0,1,0,0,0,1,0,1,0,1,0,0,0,0,1,0,1,0,0,1,1,0,0,1,0,0
"Lower Pond","9/13/2006","2006","Lyme",41.39284,72.37909,"CT","CAES","N",1.62,1.252,1.7,"N",0,0,0,0,0,0,0,0,0,0,0,0,0,0,17,0,17,0.0165,6.55,54.8,6.3,1.6,0,0,1,0,0,0,0,0,0,1,0,0,0,0,0,0,0,0,0,0,0,0,0,0,0,0,0,0,0,0,0,0,0,0,0,0,0,1,0,0,0,0,0,1,1,0,0,0,0,1,0,0,0,0,0,0,1,1,0,0,0,0,0,0,0,1,0,0,0,0,0,0,0,0,0,0,0,0,0,0,0,0,0,1,0,0,0,0,0,0,1,0,1,0,0,0,1,0,0,0,0,1,0,0,0,1,0,0,0,0,1,0,0,1,0,0,0
"Lucky Pond (Galko Farm Pond)","7/8/2005","2005","Wallingford",41.46451,72.85655,"CT","CAES","Y",0.4,1.776,2.5,"Y",0.0012,0.0012,0.0012,0.0012,0,0,1,0,0,0,0,0,0,0,7,1,6,0.1935,7.1,116,53.63,0.7,0,0,0,0,0,0,0,0,0,0,1,0,0,0,0,0,0,0,0,0,0,0,0,0,0,0,0,0,0,0,0,0,0,0,0,0,0,1,0,0,0,0,0,0,0,0,0,0,0,1,0,0,0,0,0,0,0,0,0,0,0,0,0,0,0,0,0,0,0,0,0,0,1,0,1,0,0,0,1,0,0,0,0,0,0,0,0,0,0,0,0,0,0,0,0,0,0,0,0,0,0,0,0,0,0,0,0,0,0,0,0,0,0,0,0,0,0
"Mackenzie Reservoir - 2 - small","6/30/2005","2005","Wallingford",41.44279,72.77219,"CT","CAES","Y",59.8,1.528,3,"Y",0.1421,0.1421,0.1421,0.1421,0,0,1,0,0,0,1,0,0,1,11,3,8,0.0715,6.75,183.5,62.65,0.9,0,0,0,0,0,0,0,0,1,0,0,0,0,0,0,0,0,0,0,0,1,0,0,0,0,0,0,0,0,0,0,0,0,0,0,0,0,0,0,0,0,0,0,0,0,0,0,0,0,1,0,0,0,0,0,0,0,0,0,0,0,0,0,0,1,0,0,0,0,0,0,0,1,0,1,1,0,0,0,0,0,0,0,0,0,0,0,0,0,0,0,0,0,0,0,0,0,0,1,0,0,0,0,0,0,0,0,0,0,0,0,0,0,0,0,0,0
"Mamanasco Lake","combined","comb","Ridgefield",41.32008,73.52723,"CT","CAES","Y",35.7,1.674,3.353,"Y",4e-04,7e-04,7e-04,1e-04,0,0,1,0,0,0,0,0,0,0,11,1,10,0.0524,7.8,271.25,75.1875,1.4,0,0,0,0,0,0,0,0,1,0,0,0,0,0,0,0,1,0,0,0,0,0,0,0,0,0,0,0,0,0,0,0,0,0,0,0,1,0,0,0,0,0,0,0,0,0,0,0,0,1,0,0,0,1,0,0,1,1,0,0,0,0,0,0,0,0,1,0,0,0,0,0,1,0,0,0,0,0,0,0,0,0,0,0,1,0,0,0,0,0,0,0,0,0,0,0,0,0,0,0,0,0,0,0,0,0,0,0,0,0,0,0,0,0,0,0,0
"Merriman Pond","9/8/2005","2005","Watertown",41.63474,73.11386,"CT","CAES","N",14.37,2.145,3,"N",0,0,0,0,0,0,0,0,0,0,0,0,0,0,8,0,8,0.0395,6,100.5,33.75,1.5,0,0,1,1,0,0,0,0,1,0,0,0,0,0,0,0,0,0,0,0,0,0,0,0,0,0,0,0,0,0,0,0,0,0,0,0,0,0,0,0,0,0,0,0,1,0,0,0,0,0,0,0,0,0,0,0,0,0,0,0,0,0,0,0,0,0,0,0,0,0,0,0,0,1,0,0,0,0,0,0,0,0,0,0,0,0,0,0,0,0,0,0,0,0,0,0,0,0,0,0,0,0,0,0,0,1,0,0,0,0,1,1,0,0,0,0,0
"Messerschmidt Pond","8/16/2005","2005","Deep River, Westbrook",41.33882,72.48377,"CT","CAES","N",29.54,1.924,4.877,"N",0,0,0,0,0,0,0,0,0,0,0,0,0,0,19,0,19,0.0355,6.2,130,46.13,2.8,0,0,1,1,0,0,0,0,0,0,0,0,0,0,0,1,0,1,0,0,0,1,0,0,1,0,0,0,0,0,0,0,0,0,0,0,0,0,0,0,0,0,0,0,1,0,0,0,0,0,0,0,0,0,0,0,1,1,0,0,1,0,0,0,0,0,0,0,0,0,1,0,0,1,0,0,0,0,0,0,0,0,0,1,1,0,0,0,0,0,0,0,0,0,0,0,0,0,0,0,0,0,0,0,0,0,1,0,0,1,1,1,0,1,0,0,0
"Mill Pond Park","9/4/2009","2009","Newington",41.69472,72.73002,"CT","CAES","Y",1.46,1.397,2.8,"Y",0.3566,0.4938,0.4938,0.2195,0,1,1,0,0,0,0,0,0,0,5,2,3,0.1205,6.85,361,180.4,1.2,0,0,0,0,0,0,0,0,1,0,0,0,0,0,0,0,0,0,0,0,1,0,1,0,0,0,0,0,0,0,0,0,0,0,0,0,0,0,0,0,0,0,0,0,0,0,0,0,0,0,0,0,0,0,0,0,0,0,0,0,0,0,0,0,0,0,0,1,0,0,0,0,1,0,0,0,0,0,0,0,0,0,0,0,0,0,0,0,0,0,0,0,0,0,0,0,1,0,0,0,0,0,0,0,0,0,0,0,0,0,0,0,0,0,1,0,0
"Millers Pond","8/22/2005","2005","Durham",41.47727,72.63283,"CT","CAES","N",13.19,1.69,5.49,"N",0,0,0,0,0,0,0,0,0,0,0,0,0,0,6,0,6,0.006,5.35,24,1.13,4,0,0,0,0,0,0,0,0,0,0,1,0,0,0,0,0,0,1,0,0,0,0,0,0,1,0,1,0,0,0,0,0,0,0,0,0,0,0,0,0,0,0,0,0,0,0,1,0,0,0,0,0,0,0,0,0,0,0,0,0,0,0,0,0,0,0,0,0,0,0,0,0,0,0,0,0,0,0,0,0,0,0,0,0,1,0,0,0,0,0,0,0,0,0,0,0,0,0,0,0,0,0,0,0,0,0,0,0,0,0,0,0,0,0,0,0,0
"Mills Pond, Lower","7/27/2005","2005","Canton",41.82456,72.91158,"CT","CAES","Y",0.4,1.115,1.5,"Y",0.77,1,1,0.54,0,0,0,0,0,0,0,0,1,0,8,1,7,0.0455,6.2,125,27.38,1,0,0,0,0,0,0,0,0,1,0,0,0,0,0,0,0,0,0,0,0,1,0,0,0,0,0,0,0,0,0,0,0,0,0,0,0,0,0,0,0,0,0,0,0,0,0,0,0,0,1,0,0,1,0,0,0,0,1,0,0,0,0,0,0,0,0,0,0,0,0,0,0,0,0,0,0,0,0,0,0,0,0,0,0,1,0,0,0,0,0,0,0,0,0,0,0,0,0,0,0,0,0,0,0,0,1,0,0,0,0,0,0,0,0,0,0,0
"Mills Pond, Upper","7/27/2005","2005","Canton",41.82656,72.91411,"CT","CAES","Y",1.78,1.581,1.5,"Y",0.24,0.24,0.24,0.24,0,0,1,0,0,0,1,0,0,0,10,2,8,0.105,6,149,33,1,0,0,1,0,0,0,0,0,1,0,0,0,0,0,0,0,0,0,0,0,1,0,0,0,0,0,0,0,0,0,0,0,0,0,0,0,0,1,0,0,0,0,0,0,0,0,0,0,0,0,0,0,0,0,0,0,0,1,0,0,0,0,0,0,0,0,0,0,0,0,0,0,0,0,0,0,0,0,0,0,0,0,0,0,1,0,0,0,0,1,0,0,0,0,0,0,0,0,0,0,0,0,0,0,0,1,0,0,0,0,0,0,0,0,0,0,0
"Mohawk Pond","9/13/2005","2005","Cornwall, Goshen",41.81138,73.29292,"CT","CAES","N",6.56,1.12,8,"N",0,0,0,0,0,0,0,0,0,0,0,0,0,0,18,0,18,0.018,5.7,35.85,9,5.4,0,0,1,0,0,0,0,0,0,0,0,0,0,0,0,0,0,0,0,0,1,1,0,0,0,0,0,0,0,0,0,0,0,0,0,0,0,0,0,0,0,0,0,0,0,0,1,0,0,0,0,1,0,0,0,0,1,1,0,0,0,0,0,0,0,0,0,0,1,0,1,0,0,1,0,0,0,0,1,0,0,0,0,0,0,0,0,0,0,0,0,0,1,0,0,0,0,0,0,0,0,0,1,0,0,1,1,0,0,0,1,1,0,1,0,0,0
"Mono Pond","9/19/2012","2012","Columbia",41.67663,72.31115,"CT","CAES","N",41.28,2.128,2,"N",0,0,0,0,0,0,0,0,0,0,0,0,0,0,15,0,15,0.0132,6.15,23.1,6.75,2,0,0,1,1,0,0,0,0,0,0,0,0,1,0,0,0,1,0,0,0,1,0,0,0,0,0,0,0,0,0,0,0,0,0,0,0,0,0,0,0,0,0,0,0,1,0,0,0,0,0,0,0,0,0,0,0,1,1,0,0,0,0,0,0,0,0,0,0,0,0,1,0,0,0,1,0,0,0,0,0,0,0,0,1,0,0,0,0,0,0,0,0,0,0,0,0,0,0,0,0,0,0,0,0,0,1,0,1,0,0,1,1,0,0,0,0,0
"Moosup Pond","combined","comb","Plainfield",41.73433,71.86675,"CT","CAES","Y",38.77,1.21,6,"N",0,0,0,0,0,0,0,0,0,0,0,0,0,0,32,0,32,0.1089,6.225,53.075,11.375,2.95,0,0,1,0,1,0,0,0,1,1,0,0,0,0,0,1,0,1,0,0,1,1,0,1,1,0,0,0,0,0,0,0,0,0,0,0,0,0,0,0,0,0,0,0,1,1,0,1,0,0,1,0,0,0,0,0,1,1,0,0,1,0,0,0,0,0,1,0,0,0,1,0,0,1,1,1,0,0,0,0,0,0,0,1,0,0,0,1,0,0,0,0,0,0,0,0,0,0,0,0,0,0,1,0,0,1,1,0,0,0,1,1,1,1,1,0,0
"Morey Pond","8/23/2005","2005","Ashford, Union",41.96006,72.1922,"CT","CAES","N",18.13,2.461,3.5,"N",0,0,0,0,0,0,0,0,0,0,0,0,0,0,24,0,24,0.0155,5.7,227.5,7.88,3.5,0,0,1,0,0,0,0,0,0,0,1,0,0,0,0,1,0,1,0,0,1,1,0,0,1,0,0,0,0,1,0,0,0,0,1,0,0,0,0,0,0,0,0,0,0,0,1,0,0,0,1,0,0,0,0,0,1,1,0,0,0,0,0,0,0,0,0,0,0,0,1,0,0,1,0,0,0,0,1,0,0,0,0,0,1,0,0,0,0,0,1,0,0,0,0,0,1,0,0,0,0,0,1,0,0,1,0,0,0,0,1,1,0,1,0,0,0
"Muddy Pond","6/20/2013","2013","Woodstock",42.02185,72.03045,"CT","CAES","N",15.41,1.669,3,"N",0,0,0,0,0,0,0,0,0,0,0,0,0,0,14,0,14,0.0109,6.55,84,14.65,2.5,0,0,1,0,0,0,0,0,0,0,0,0,0,1,0,0,1,0,0,0,0,1,0,0,1,0,1,0,0,0,0,0,0,0,0,0,1,0,0,0,0,0,0,0,1,0,0,0,0,0,0,0,0,0,0,0,1,1,0,0,0,0,0,0,0,0,1,0,0,0,0,0,0,0,0,0,0,0,0,0,0,0,0,0,0,0,0,0,0,0,1,0,0,0,0,0,0,0,0,0,0,0,0,0,0,1,0,1,0,0,0,0,0,0,0,0,0
"Mystic Seaport Pond","9/8/2006","2006","Mystic",41.36302,71.96287,"CT","CAES","N",0.12,1.255,2,"N",0,0,0,0,0,0,0,0,0,0,0,0,0,0,9,0,9,0.024,6.8,123.5,26.5,1.5,0,0,0,0,0,0,0,0,0,0,0,0,0,0,0,0,0,0,0,0,0,0,0,0,0,1,0,0,0,0,0,0,0,0,0,0,0,1,0,0,0,0,0,0,0,0,0,0,0,0,0,0,0,0,0,0,1,1,0,0,0,0,0,0,0,0,1,0,0,0,0,0,0,0,0,0,0,0,1,0,0,0,0,0,0,0,0,0,0,0,0,0,0,0,1,0,0,0,0,0,1,0,1,0,0,0,0,0,0,0,0,0,0,0,0,0,0
"Nichols Pond","6/29/2005","2005","Oxford",41.41707,73.13694,"CT","CAES","N",5.14,1.373,1.5,"Y",2e-04,2e-04,2e-04,2e-04,0,0,1,0,0,0,0,0,0,0,9,1,8,0.0525,5.25,77.65,4.5,0.9,0,0,1,0,0,1,0,0,0,0,0,0,0,0,0,0,0,0,0,0,0,0,0,0,0,0,0,0,0,0,0,0,0,0,0,0,0,0,0,0,0,0,0,0,0,0,1,0,0,0,0,0,0,0,0,0,1,1,0,0,0,0,0,0,0,0,0,0,0,0,1,0,0,0,0,0,0,0,0,0,0,0,0,0,0,0,0,0,0,0,0,0,0,0,0,0,0,0,0,0,0,0,0,0,0,1,0,0,0,0,0,0,0,1,0,0,0
"North Farms Reservoir","9/9/2009","2009","Wallingford",41.48544,72.77947,"CT","CAES","Y",26.06,1.361,2,"Y",0.0504,0.0504,0.0504,0.0504,0,0,1,0,0,0,1,1,0,0,9,3,6,0.073,7.2,118.5,131.65,1.1,0,0,0,0,0,0,0,0,1,0,0,0,0,0,0,0,0,0,0,1,1,0,0,0,0,0,0,0,0,0,0,0,0,0,0,0,0,0,0,0,0,0,0,0,0,0,0,0,0,0,0,0,0,1,0,0,0,1,0,0,0,0,0,0,0,0,0,0,0,0,0,0,0,0,0,0,0,0,0,0,0,0,0,0,1,0,0,0,0,0,0,0,0,0,0,0,0,0,0,0,0,0,0,0,0,0,0,0,0,0,0,0,0,0,0,0,0
"North Pond (Laurelwood Lake)","9/23/2005","2005","Madison",41.35674,72.62813,"CT","CAES","N",3.28,1.638,1.3,"N",0,0,0,0,0,0,0,0,0,0,0,0,0,0,12,0,12,0.044,6,154,17.63,1.3,0,0,1,0,1,0,0,0,0,0,0,0,0,0,0,0,0,0,0,0,0,0,0,0,0,0,0,0,0,0,0,0,0,0,0,0,0,1,0,0,0,0,0,0,0,0,1,0,0,0,1,0,0,0,0,0,0,1,0,0,0,0,0,0,0,0,0,0,0,0,0,0,0,1,0,0,0,0,1,0,0,0,0,0,1,0,0,0,0,0,0,0,0,0,0,0,1,0,0,0,0,0,0,0,0,1,0,0,0,0,0,1,0,0,0,0,0
"Oakwood Pond","7/14/2006","2006","Guilford",41.33061,72.73172,"CT","CAES","N",0.2,1.592,1.8,"Y",0.008,0.008,0.008,0.008,0,0,1,0,0,0,0,0,0,0,13,1,12,0.091,6.6,148.5,22.9,1,0,0,0,0,0,1,0,0,0,1,0,0,0,0,0,1,0,1,1,0,0,0,0,0,0,0,0,0,0,0,0,0,0,0,0,0,0,1,0,0,0,0,0,0,0,0,0,0,0,0,1,0,0,0,0,0,0,1,0,0,0,0,0,1,0,0,0,0,0,0,1,0,0,0,0,0,0,0,0,0,0,0,0,0,0,0,0,0,0,0,0,0,0,0,0,0,0,0,0,0,1,0,0,0,0,1,0,0,0,0,0,0,0,0,0,0,0
"One Acre Pond","6/16/2011","2011","Madison",41.2947,72.62439,"CT","CAES","N",0.4,1.118,3,"Y",0.6611,0.6611,0.6611,0.6611,0,0,0,0,0,0,0,1,0,0,9,1,8,0.0425,6.75,294,45.05,1.8,0,0,0,0,0,0,0,0,0,0,1,0,0,0,0,0,0,0,0,0,0,0,0,0,0,0,0,0,0,0,0,0,0,1,0,0,0,1,0,0,0,0,0,0,0,0,0,0,0,0,0,0,0,0,0,0,0,1,0,0,0,0,0,0,0,0,1,0,0,0,0,0,0,0,1,0,0,0,0,0,0,0,0,0,0,0,0,0,0,0,0,0,0,0,0,0,0,0,0,0,1,0,1,0,0,0,0,0,0,0,0,0,0,0,0,0,0
"Paderewski Park Pond","8/24/2005","2005","Plainville",41.68265,72.84798,"CT","CAES","N",6.39,1.188,2,"N",0,0,0,0,0,0,0,0,0,0,0,0,0,0,6,0,6,0.043,6.35,144,30.75,0.9,0,0,0,0,0,0,0,0,0,0,0,0,0,0,0,0,0,0,0,0,1,0,0,0,0,0,0,0,0,0,0,0,0,0,0,0,0,0,0,0,0,0,0,0,0,0,0,0,0,1,1,0,0,1,0,0,0,0,0,0,0,0,0,0,0,0,0,0,1,0,0,0,0,0,0,0,0,0,0,0,0,0,0,0,1,0,0,0,0,0,0,0,0,0,0,0,0,0,0,0,0,0,0,0,0,0,0,0,0,0,0,0,0,0,0,0,0
"Pattaganset Lake","combined","comb","East Lyme",41.3741,72.23028,"CT","CAES","Y",51.8,2.396,10.058,"Y",0.009,0,0.018,0,0,0,0,0,0,0,1,0,0,0,38,1,37,0.0078,6.6,69.5,13.375,2.45,0,0,1,0,1,0,0,0,1,1,1,0,0,1,0,0,1,0,0,0,1,1,0,0,0,0,1,0,0,0,0,0,0,0,0,0,1,1,0,0,0,0,0,0,1,0,0,1,0,0,1,0,0,0,0,0,1,1,0,0,0,0,1,0,0,0,1,0,0,0,1,0,0,1,0,0,0,0,1,0,1,0,0,1,1,0,0,1,1,0,0,0,1,0,0,0,0,0,0,0,1,0,1,0,0,1,1,1,0,0,1,1,0,1,1,0,0
"Pinewood Lake","8/31/2011","2011","Trumbull",41.25557,73.17577,"CT","CAES","Y",24.36,1.967,4.2,"N",0,0,0,0,0,0,0,0,0,0,0,0,0,0,13,0,13,0.024,6.45,124,15,1.3,0,0,0,0,1,0,0,0,0,0,0,0,0,1,0,0,1,0,0,0,0,0,0,0,0,0,1,0,0,0,0,0,0,0,0,0,1,0,0,0,0,0,0,0,0,0,1,0,0,0,1,0,0,1,0,0,1,0,0,0,0,0,0,0,0,0,0,0,0,0,1,0,0,1,0,0,0,0,0,0,0,0,0,0,1,0,0,0,0,0,0,0,0,0,0,0,0,0,0,0,0,0,0,0,0,0,0,0,0,0,0,0,0,0,1,0,0
"Pistapaug Pond","6/29/2005","2005","Wallingford",41.43236,72.74155,"CT","CAES","N",55.2,1.479,12,"N",0,0,0,0,0,0,0,0,0,0,0,0,0,0,12,0,12,0.0155,6.75,152.5,46.5,3.2,0,0,0,0,0,0,0,0,1,0,0,0,0,0,0,0,0,1,0,0,0,0,0,0,0,0,0,0,0,0,0,0,0,0,0,0,0,0,0,0,0,0,0,0,0,0,0,0,0,1,1,0,0,0,0,0,1,0,0,0,0,0,0,0,1,0,0,0,1,0,1,0,0,0,0,1,1,0,0,0,0,0,0,0,1,0,0,0,0,0,0,0,1,0,0,0,0,0,0,0,0,0,0,0,0,0,0,0,0,0,0,0,0,0,0,0,0
"Pocotopaug Lake","8/16/2006","2006","East Hampton",41.59784,72.49581,"CT","CAES","N",206.79,1.604,7,"N",0,0,0,0,0,0,0,0,0,0,0,0,0,0,2,0,2,0.0615,6,107.5,13.9,0.5,0,0,0,0,0,0,0,0,0,0,0,0,0,0,0,0,0,0,0,0,0,0,0,0,0,0,0,0,0,0,0,0,0,0,0,0,0,0,0,0,0,0,0,0,0,0,0,0,0,0,1,0,0,0,0,0,0,0,0,0,0,0,0,0,0,0,0,0,0,0,0,0,0,0,0,0,0,0,0,0,0,0,0,0,0,0,0,0,0,0,0,0,0,0,0,0,0,0,0,0,0,0,0,0,0,0,0,0,0,0,0,0,0,0,1,0,0
"Powers Lake","7/6/2007","2007","East Lyme",41.39259,72.24905,"CT","CAES","N",58.27,1.982,14,"N",0,0,0,0,0,0,0,0,0,0,0,0,0,0,21,0,21,0.016,7,23.15,2.3,3,0,0,1,1,0,0,0,0,0,0,0,1,0,0,0,1,1,0,0,0,0,0,0,0,1,0,1,0,0,0,0,0,0,0,0,0,0,0,0,0,0,0,0,0,1,0,0,0,0,0,1,0,0,0,0,0,1,1,0,0,0,0,0,0,0,0,1,0,0,0,1,0,0,0,1,0,0,0,0,0,0,0,0,1,0,0,0,0,0,0,0,0,1,0,0,0,0,0,0,0,0,0,1,0,0,1,0,0,0,0,1,1,0,1,0,0,0
"Private Pond (1)","6/29/2011","2011","Pawcatuck",41.38053,71.8605,"CT","CAES","N",1.01,1.234,3,"N",0,0,0,0,0,0,0,0,0,0,0,0,0,0,13,0,13,0.009,6.65,79.6,30.4,3,0,0,0,0,1,0,0,0,0,0,0,0,0,1,0,0,1,0,0,0,0,0,0,0,0,0,0,0,0,0,0,0,0,0,0,0,0,1,0,0,0,0,0,0,0,0,0,0,0,1,0,0,0,1,0,0,0,0,0,0,0,0,0,0,1,0,0,0,0,0,1,0,0,0,0,0,0,0,0,0,0,1,1,0,0,0,0,0,0,0,0,0,0,0,0,0,1,0,0,0,1,0,0,0,0,1,0,0,0,0,0,0,0,0,0,0,0
"Private Pond (2)","6/29/2011","2011","Pawcatuck",41.37927,71.86087,"CT","CAES","N",0.2,1.066,3,"N",0,0,0,0,0,0,0,0,0,0,0,0,0,0,5,0,5,0.0295,6.5,113.9,21.4,1,0,0,0,0,1,0,0,0,0,0,0,0,0,0,0,0,1,0,0,0,0,0,0,0,0,0,0,0,0,0,0,0,0,0,0,0,0,1,0,0,0,0,0,0,0,0,0,0,0,0,0,0,0,0,0,0,0,1,0,0,0,0,0,0,1,0,0,0,0,0,0,0,0,0,0,0,0,0,0,0,0,0,0,0,0,0,0,0,0,0,0,0,0,0,0,0,0,0,0,0,0,0,0,0,0,0,0,0,0,0,0,0,0,0,0,0,0
"Private Pond (3)","8/31/2012","2012","Westport",41.17,73.35631,"CT","CAES","N",0.4,1.064,2.1,"Y",0.8302,1,1,0.6605,1,0,1,0,0,0,1,1,0,0,5,4,1,0.1186,6.3,174,30.75,2.1,0,0,0,0,0,0,0,0,0,1,0,0,0,0,0,0,0,0,0,0,0,0,0,0,0,0,0,0,0,0,0,0,0,0,0,0,0,0,0,0,0,0,0,0,0,0,0,0,0,0,0,0,0,0,0,0,0,0,0,0,0,0,0,0,0,0,0,0,0,0,0,0,0,0,0,0,0,0,0,0,0,0,0,0,0,0,0,0,0,0,0,0,0,0,0,0,0,0,0,0,0,0,0,0,0,0,0,0,0,0,0,0,0,0,0,0,0
"Private Pond (4)","6/25/2012","2012","Lyme",41.42209,72.33256,"CT","CAES","N",0.01,1.047,0.8,"N",0,0,0,0,0,0,0,0,0,0,0,0,0,0,1,0,1,0.0102,5.9,29,5.3,0.8,0,0,0,0,1,0,0,0,0,0,0,0,0,0,0,0,0,0,0,0,0,0,0,0,0,0,0,0,0,0,0,0,0,0,0,0,0,0,0,0,0,0,0,0,0,0,0,0,0,0,0,0,0,0,0,0,0,0,0,0,0,0,0,0,0,0,0,0,0,0,0,0,0,0,0,0,0,0,0,0,0,0,0,0,0,0,0,0,0,0,0,0,0,0,0,0,0,0,0,0,0,0,0,0,0,0,0,0,0,0,0,0,0,0,0,0,0
"Private Pond (5) Lower/West","9/4/2012","2012","Suffield",42.00268,72.64729,"CT","CAES","N",0.28,1.285,0.5,"Y",1,1,1,1,1,0,0,0,0,0,0,0,0,0,3,1,2,1.4246,6.6,336,122.25,0.5,0,0,0,0,0,0,0,0,0,0,0,0,0,0,0,0,0,0,0,0,0,0,0,0,0,0,0,0,0,0,0,0,0,0,0,0,0,0,0,0,0,0,0,0,0,0,0,0,0,0,0,0,0,0,0,0,0,0,0,0,0,0,1,0,0,0,0,0,0,0,0,0,0,0,0,0,0,0,0,0,0,0,0,0,0,0,0,0,0,0,0,0,0,0,0,0,0,0,0,0,1,0,0,0,0,0,0,0,0,0,0,0,0,0,0,0,0
"Private Pond (5) Upper/East","9/4/2012","2012","Suffield",42.00276,72.6463,"CT","CAES","N",0.12,1.058,0.5,"Y",1,1,1,1,1,0,0,0,0,0,0,1,0,0,4,2,2,0.2035,6.4,184,37.5,0.5,0,0,0,0,0,0,0,0,0,0,0,0,0,0,0,0,0,0,0,0,0,0,0,0,0,0,0,0,0,0,0,0,0,0,0,0,0,0,0,0,0,0,0,0,0,0,0,0,0,0,0,0,0,0,0,0,0,1,0,0,0,0,0,0,0,0,0,0,0,0,0,0,0,0,0,0,0,0,0,0,0,0,0,0,0,0,0,0,0,0,0,0,0,0,0,0,0,0,0,0,1,0,0,0,0,0,0,0,0,0,0,0,0,0,0,0,0
"Private Pond (6)","8/13/2013","2013","Clinton",41.33536,72.52367,"CT","CAES","N",0.12,1.285,0.5,"N",0,0,0,0,0,0,0,0,0,0,0,0,0,0,12,0,12,0.0934,5.7,35,7.875,1,0,0,1,0,0,0,0,0,0,0,0,0,0,0,0,0,1,0,0,0,0,0,0,0,0,0,0,0,0,0,0,0,0,0,0,0,1,0,0,0,0,0,0,0,0,0,0,0,0,0,1,0,0,0,0,0,1,1,0,0,0,0,0,0,0,0,1,1,0,0,0,0,0,1,0,0,0,0,1,0,0,0,0,1,0,0,0,0,0,0,0,0,0,0,0,0,0,0,0,0,0,0,0,0,0,0,0,0,0,0,0,1,0,0,0,0,0
"Putnam Park Pond","9/27/2011","2011","Easton",41.3388,73.37758,"CT","CAES","N",5.67,2.103,2.5,"Y",0.0011,0.0011,0.0011,0.0011,0,0,0,1,0,0,0,0,0,0,17,1,16,0.02,6.2,106.5,26.3,1.5,0,0,0,0,1,0,0,0,0,1,0,0,0,0,0,0,0,0,0,1,0,0,0,0,0,0,0,0,0,0,0,0,0,0,0,0,0,0,0,0,0,0,0,0,0,0,0,0,1,1,0,0,0,0,0,1,1,1,0,0,0,1,0,1,0,0,1,0,1,0,0,0,0,0,0,0,0,0,0,0,0,0,0,0,0,0,0,0,0,0,0,0,0,0,0,0,0,0,0,0,1,0,0,0,0,1,0,1,0,0,1,0,0,0,0,0,0
"Quaddick Reservoir","9/6/2007","2007","Thompson",41.95974,71.81632,"CT","CAES","N",165.11,2.553,6.096,"N",0,0,0,0,0,0,0,0,0,0,0,0,0,0,22,0,22,0.0065,6,52.05,3.75,2.8,0,0,1,1,0,0,0,0,0,0,0,0,0,0,0,0,1,0,0,0,0,1,0,0,1,0,0,0,0,0,0,0,0,1,0,0,0,0,0,0,0,0,0,0,1,0,1,0,0,0,1,0,0,0,0,0,1,1,0,0,0,0,0,0,0,0,1,0,0,0,1,0,0,1,0,0,0,0,1,0,0,0,0,1,1,0,0,0,0,0,0,0,0,0,0,0,1,0,0,0,0,0,1,0,0,0,0,0,0,0,1,0,0,1,1,0,0
"Quonnipaug Lake","7/8/2010","2010","Guilford",41.39442,72.69666,"CT","CAES","Y",39.94,2.353,14,"Y",0.0034,0.0034,0.0034,0.0034,0,0,1,1,0,0,1,0,0,0,21,3,18,0.0026,7.25,138.5,28.9,3,0,0,1,1,0,0,0,0,1,0,0,0,0,0,0,0,0,0,0,0,1,0,0,0,0,0,0,0,0,0,0,0,0,0,0,0,1,0,0,1,0,0,0,0,1,0,0,0,0,1,0,0,0,0,0,0,1,1,0,0,1,0,0,0,0,0,1,0,1,0,0,0,1,0,1,0,0,0,0,0,0,0,0,0,0,0,0,1,0,1,0,0,1,0,0,0,0,0,0,0,0,0,0,0,0,0,0,0,0,0,0,0,0,0,0,0,0
"Redwing Pond","7/13/2009","2009","Ansonia",41.34442,73.05247,"CT","CAES","N",0.49,1.152,1,"Y",0.0173,0.0173,0.0173,0.0173,0,0,1,0,0,0,1,0,0,0,10,2,8,0.018,5.95,57.95,22.15,1.1,0,0,0,0,1,1,1,0,1,0,0,0,0,0,0,0,0,0,0,0,0,0,1,0,0,0,0,0,0,0,0,0,0,0,0,0,0,0,0,0,0,0,0,0,0,0,0,0,0,0,0,0,1,0,0,0,0,0,0,0,0,0,0,0,0,0,0,0,0,0,1,0,0,0,0,0,0,0,0,0,0,0,0,0,1,0,0,0,0,0,0,0,0,0,0,0,0,0,0,0,0,0,0,0,0,0,0,0,0,0,0,0,0,0,0,0,0
"Rogers Lake","7/13/2006","2006","Lyme, Old Lyme",41.36418,72.30096,"CT","CAES","N",105.22,2.319,19.202,"N",0,0,0,0,0,0,0,0,0,0,0,0,0,0,31,0,31,0.0065,7,47,6.75,2.3,0,0,1,0,0,0,0,0,0,1,1,0,0,0,0,1,1,1,0,1,0,0,0,1,1,0,0,0,0,0,0,0,0,0,0,1,0,0,0,0,0,0,0,0,1,0,0,0,0,0,1,0,1,0,0,0,1,1,0,0,0,0,0,0,1,0,0,0,1,0,1,0,0,1,0,0,0,0,1,0,0,0,0,0,1,0,0,1,0,0,1,1,1,0,0,0,0,0,0,0,0,0,1,0,0,1,0,0,0,0,1,1,0,1,1,0,0
"Rolling Ridge Pond","combined","comb","Norwalk ",41.13459,73.42225,"CT","CAES","Y",0.4,1.507,2,"Y",0.0144,0.0288,0.0288,0,0,0,1,0,0,0,1,0,0,0,3,2,1,0.1688,6.75,206,26.85,0.6,0,0,0,0,0,0,0,0,0,0,0,0,0,0,0,0,0,0,0,0,0,0,0,0,0,0,0,0,0,0,0,0,0,0,0,0,0,0,0,0,0,0,0,0,0,0,0,0,0,0,0,0,0,0,0,0,1,0,0,0,0,0,0,0,0,0,0,0,0,0,0,0,0,0,0,0,0,0,0,0,0,0,0,0,0,0,0,0,0,0,0,0,0,0,0,0,0,0,0,0,0,0,0,0,0,0,0,0,0,0,0,0,0,0,0,0,0
"Roseland Lake","6/19/2012","2012","Woodstock",41.95089,71.95093,"CT","CAES","N",38.85,1.479,5,"Y",2e-04,2e-04,2e-04,2e-04,0,0,0,0,0,0,1,0,0,0,12,1,11,0.2085,7.25,95,28.5,1.5,0,0,0,0,1,0,0,0,0,0,0,0,0,0,0,0,0,0,0,0,1,0,0,0,0,0,0,0,0,0,0,0,0,0,0,0,0,0,0,0,0,0,0,0,0,0,0,0,0,0,0,0,0,0,0,0,1,1,0,0,0,1,0,0,0,0,1,0,0,0,0,0,0,1,1,0,0,0,0,0,0,0,0,0,0,0,0,1,0,0,0,0,1,0,0,0,0,0,0,0,0,0,0,0,0,0,0,0,0,0,0,0,0,0,1,0,0
"Route 7 Pond","8/19/2013","2013","Wilton",41.17892,73.41998,"CT","CAES","N",3.56,1.587,5,"N",0,0,0,0,0,0,0,0,0,0,0,0,0,0,4,0,4,0.0123,6.85,291,42,2,0,0,0,0,0,0,0,0,1,0,0,0,0,0,0,0,0,0,0,0,1,0,0,0,0,0,0,0,0,0,0,0,0,0,0,0,0,0,0,0,0,0,0,0,0,0,0,0,0,1,0,0,0,0,0,0,0,0,0,0,0,0,0,0,0,0,0,0,1,0,0,0,0,0,0,0,0,0,0,0,0,0,0,0,0,0,0,0,0,0,0,0,0,0,0,0,0,0,0,0,0,0,0,0,0,0,0,0,0,0,0,0,0,0,0,0,0
"Salmon Brook","8/4/2005","2005","Glastonbury",41.71794,72.60965,"CT","CAES","N",0.45,1.367,2,"Y",0.0316,0.0316,0.0316,0.0316,0,0,1,0,0,0,0,0,0,0,4,1,3,0.0995,7.7,116,22.13,0.7,0,0,0,0,0,0,0,0,1,0,0,0,0,0,0,0,0,0,0,0,1,0,1,0,0,0,0,0,0,0,0,0,0,0,0,0,0,0,0,0,0,0,0,0,0,0,0,0,0,0,0,0,0,0,0,0,0,0,0,0,0,0,0,0,0,0,0,0,0,0,0,0,0,0,0,0,0,0,0,0,0,0,0,0,0,0,0,0,0,0,0,0,0,0,0,0,0,0,0,0,0,0,0,0,0,0,0,0,0,0,0,0,0,0,0,0,0
"Schreeder Pond","7/28/2005","2005","Killingworth",41.3693,72.58971,"CT","CAES","N",1.58,1.86,3,"N",0,0,0,0,0,0,0,0,0,0,0,0,0,0,8,0,8,0.043,5.95,66.35,12.75,1.7,0,0,1,0,0,0,0,0,0,0,0,0,0,0,0,0,0,0,0,0,0,0,0,0,0,0,0,0,0,0,0,0,0,0,0,0,0,0,0,0,0,0,0,0,0,0,0,0,0,0,0,0,0,0,0,0,0,1,0,0,0,0,0,0,0,0,0,0,0,0,0,0,0,1,0,0,0,0,1,0,0,0,0,0,1,0,0,0,0,0,0,0,0,0,0,0,1,0,0,0,0,0,0,0,0,0,0,0,0,0,1,0,0,1,0,0,0
"Scribner Pond","7/27/2011","2011","Norwalk",41.10905,73.44343,"CT","CAES","N",0.97,1.919,2,"Y",0.6039,0.7105,0.7105,0.4973,0,0,1,0,0,0,0,0,0,0,3,1,2,0.5045,6.15,117.5,34.15,1.5,0,0,0,0,0,0,0,0,0,0,1,0,0,0,0,0,0,0,0,0,0,0,0,0,0,0,0,0,0,0,0,0,0,0,0,0,0,0,0,0,0,0,0,0,0,0,0,0,0,0,0,0,0,0,0,0,0,0,0,0,0,0,0,0,0,0,0,0,0,0,0,0,1,0,0,0,0,0,0,0,0,0,0,0,0,0,0,0,0,0,0,0,0,0,0,0,0,0,0,0,0,0,0,0,0,0,0,0,0,0,0,0,0,0,0,0,0
"Shelton Reservoir #2","7/15/2005","2005","Shelton",41.31925,73.11065,"CT","CAES","N",2.95,1.536,3,"Y",1e-04,1e-04,1e-04,1e-04,0,0,1,0,0,0,0,0,0,0,12,1,11,0.0415,6.4,153,18,2.2,0,0,0,0,0,0,0,0,0,0,0,0,0,0,0,0,0,0,0,0,1,0,0,0,0,0,0,0,0,0,0,0,0,0,0,0,0,0,0,0,0,0,0,0,0,0,0,0,0,0,1,1,0,0,0,0,1,0,0,0,0,0,0,0,0,0,0,0,1,0,1,0,0,0,0,0,0,0,0,0,0,0,0,0,1,0,0,0,0,0,0,0,1,0,0,0,0,0,0,0,0,0,0,0,0,1,0,0,0,0,1,1,0,0,0,0,0
"Shelton Reservoir #3","7/15/2005","2005","Shelton",41.30803,73.11969,"CT","CAES","N",4.17,1.733,3.4,"N",0,0,0,0,0,0,0,0,0,0,0,0,0,0,6,0,6,0.028,6.2,102,7.13,3,0,0,0,0,0,0,0,0,0,0,0,0,0,0,0,0,0,0,0,0,0,1,0,0,1,0,0,0,0,0,0,0,0,0,0,0,0,0,0,0,0,0,0,0,0,0,0,0,0,0,0,0,0,0,0,0,0,0,0,0,0,0,0,0,0,0,0,0,0,0,1,0,0,0,0,0,0,0,0,0,0,0,0,0,0,0,0,0,0,0,0,0,1,0,0,0,0,0,0,0,0,0,0,0,0,0,0,0,0,0,1,1,0,0,0,0,0
"Silver Lake","7/8/2008","2008","Berlin, Meriden",41.5794,72.77293,"CT","CAES","Y",59.08,1.718,4.877,"Y",0.1086,0.1086,0.1086,0.1086,0,0,0,0,0,0,1,0,0,1,18,2,16,0.1205,8.05,275.5,75,1,0,0,0,0,1,0,0,0,1,0,0,0,0,0,0,0,0,0,0,1,0,1,0,0,0,0,0,0,0,0,0,0,0,0,0,0,0,0,0,0,0,0,0,0,0,0,0,0,0,1,1,0,0,0,0,0,1,1,0,0,0,0,0,0,1,0,1,0,1,0,0,0,1,0,0,0,0,0,0,0,0,0,0,0,1,0,0,0,0,1,0,0,0,0,0,0,0,0,0,0,0,0,0,0,0,1,0,0,0,0,0,0,0,0,1,0,0
"Silvias Pond","9/26/2005","2005","Stonington",41.36044,71.90922,"CT","CAES","N",8.01,1.975,3,"N",0,0,0,0,0,0,0,0,0,0,0,0,0,0,4,0,4,0.0905,6.95,226,86.25,1.1,0,0,1,0,0,0,0,0,1,0,0,0,0,0,0,0,0,0,0,0,0,0,0,0,0,0,0,0,0,0,0,0,0,0,0,0,0,0,0,0,0,0,0,0,0,0,0,0,0,0,0,0,0,0,0,0,0,1,0,0,0,0,0,0,0,0,0,0,0,0,0,0,0,0,0,0,0,0,0,0,0,0,0,1,0,0,0,0,0,0,0,0,0,0,0,0,0,0,0,0,0,0,0,0,0,0,0,0,0,0,0,0,0,0,0,0,0
"Spring Lake (1)","7/26/2005","2005","Avon",41.77849,72.82611,"CT","CAES","N",15.05,1.491,2,"N",0,0,0,0,0,0,0,0,0,0,0,0,0,0,7,0,7,0.049,8.7,177.5,39.38,0.8,0,0,0,0,0,0,0,0,1,0,0,0,0,0,0,0,0,0,0,0,1,0,0,0,0,0,0,0,0,0,0,0,0,0,0,0,0,0,0,0,0,0,0,0,0,0,0,0,0,1,0,0,0,1,0,0,0,0,0,0,0,0,0,0,0,0,0,0,0,0,0,0,1,0,0,0,0,0,0,0,0,0,1,0,0,0,0,0,0,0,0,0,0,0,0,0,0,0,1,0,0,0,0,0,0,0,0,0,0,0,0,0,0,0,0,0,0
"Spring Lake (2)","9/24/2009","2009","Southington",41.60271,72.86369,"CT","CAES","N",3.08,1.978,1.3,"Y",0.0535,0.0535,0.0535,0.0535,0,0,1,0,0,0,0,1,0,0,6,2,4,0.017,9.2,263,165,1.3,0,0,0,0,1,0,0,0,0,0,0,0,0,0,0,0,0,0,0,0,0,0,0,0,0,0,0,0,0,0,0,0,0,0,0,0,0,0,0,0,0,0,0,0,0,0,0,0,0,0,0,0,0,1,0,0,0,0,0,0,0,0,0,0,0,0,0,0,0,0,0,0,1,0,0,0,0,0,0,0,0,0,0,0,1,0,0,0,0,0,0,0,0,0,0,0,0,0,0,0,0,0,0,0,0,0,0,0,0,0,0,0,0,0,0,0,0
"Squantz Pond","7/19/2011","2011","New Fairfield",41.51512,73.47843,"CT","CAES","N",107.65,2.274,12,"N",0,0,0,0,0,0,0,0,0,0,0,0,0,0,11,0,11,0.0065,6.6,119.5,27.4,3.5,0,0,0,0,0,0,0,0,1,0,0,0,0,1,0,0,1,0,0,0,1,0,0,0,0,0,0,0,0,0,0,0,0,0,0,0,0,0,0,0,0,0,0,0,0,0,0,0,0,1,1,0,0,1,0,0,0,0,0,0,0,0,0,0,0,0,1,0,0,0,1,0,0,0,0,0,0,0,0,0,0,0,0,0,0,0,0,0,0,0,0,0,0,0,0,0,1,0,0,0,1,0,0,0,0,0,0,0,0,0,0,0,0,0,0,0,0
"Staffordville Reservoir","combined","comb","Stafford Springs",42.01228,72.25539,"CT","CAES","Y",60.3,2.435,3.5,"N",0,0,0,0,0,0,0,0,0,0,0,0,0,0,33,0,33,0.0227,6.175,65.75,10.6875,2.75,0,0,1,0,0,0,0,0,0,1,0,0,1,0,0,1,1,0,0,0,1,1,0,0,1,0,1,0,0,0,0,0,0,0,1,0,0,0,0,0,0,0,0,0,0,0,1,0,0,0,1,1,0,0,0,0,1,1,0,0,1,0,0,0,0,0,1,0,0,0,1,0,0,1,0,0,0,0,1,0,0,1,0,0,1,0,0,0,0,0,1,0,1,0,0,0,1,0,0,0,0,0,0,0,0,1,1,1,1,0,1,1,0,1,1,0,0
"Sylvan Lake","9/8/2005","2005","Watertown",41.59868,73.07024,"CT","CAES","N",3.68,1.334,2,"N",0,0,0,0,0,0,0,0,0,0,0,0,0,0,9,0,9,0.024,6.25,138,13.88,1.4,0,0,1,0,0,0,0,0,0,0,0,0,0,0,0,0,1,0,0,0,0,0,0,0,0,0,0,0,0,0,0,0,0,0,0,0,0,0,0,0,0,0,0,0,0,0,1,0,0,0,1,0,0,1,0,0,0,0,0,0,0,0,0,0,0,0,0,0,0,0,1,0,1,0,0,0,0,0,0,0,0,0,0,0,0,0,0,0,0,0,0,0,1,0,0,0,0,0,0,0,0,0,0,0,0,0,0,0,0,0,0,0,0,0,1,0,0
"Talmadges Ice Pond","7/7/2005","2005","Branford",41.26764,72.78897,"CT","CAES","N",0.45,1.273,1,"Y",0.0797,0.0797,0.0797,0.0797,0,0,1,0,0,0,0,0,0,0,4,1,3,0.107,7.55,204.5,71.63,1,0,0,1,0,0,0,0,0,0,0,0,0,0,0,0,0,0,0,0,0,0,0,1,0,0,0,0,0,0,0,0,0,0,0,0,0,0,0,0,0,0,0,0,0,0,0,0,0,0,0,0,0,0,0,0,0,0,0,0,0,0,0,0,0,0,0,0,0,0,0,0,0,1,0,0,0,0,0,0,0,0,0,0,0,0,0,0,0,0,0,0,0,0,0,0,0,0,0,0,0,0,0,0,0,0,0,0,0,0,0,0,0,0,0,0,0,0
"Taunton Lake","combined","comb","Newtown",41.41,73.33179,"CT","CAES","Y",50.18,1.485,10,"Y",0.0031,0.0062,0.0062,0,0,0,0,0,0,0,1,0,0,0,10,1,9,0.1485,7.4,147.5,34.5,2,0,0,0,0,0,0,0,0,0,0,0,0,0,1,0,0,0,0,0,0,1,0,0,0,0,0,1,0,0,0,0,0,0,0,0,0,0,0,0,0,0,0,0,0,0,0,0,0,0,1,0,0,0,0,0,0,1,0,0,0,0,0,0,0,0,0,0,0,0,0,1,0,1,0,1,0,0,0,0,0,0,0,0,0,0,0,0,0,0,0,0,0,1,0,0,0,0,0,0,0,0,0,0,0,0,0,0,0,0,0,0,0,0,0,0,0,0
"Tilleys Pond","9/1/2005","2005","Darien",41.07807,73.47213,"CT","CAES","Y",0.85,1.348,0.8,"Y",0.86,1,1,0.72,0,0,1,0,0,0,1,0,0,1,4,3,1,0.232,6.3,181,42.75,0.8,0,0,0,0,0,0,0,0,0,0,0,0,0,0,0,0,0,0,0,0,1,0,0,0,0,0,0,0,0,0,0,0,0,0,0,0,0,0,0,0,0,0,0,0,0,0,0,0,0,0,0,0,0,0,0,0,0,0,0,0,0,0,0,0,0,0,0,0,0,0,0,0,0,0,0,0,0,0,0,0,0,0,0,0,0,0,0,0,0,0,0,0,0,0,0,0,0,0,0,0,0,0,0,0,0,0,0,0,0,0,0,0,0,0,0,0,0
"Timber Lake","9/7/2006","2006","Sherman",41.53585,73.51186,"CT","CAES","N",4.86,1.331,3,"N",0,0,0,0,0,0,0,0,0,0,0,0,0,0,17,0,17,0.021,6.7,68.45,28.85,2.7,0,0,1,0,0,0,0,0,0,1,1,0,0,0,0,0,0,0,0,0,0,0,0,0,0,0,0,0,0,0,0,0,0,0,0,0,0,1,0,0,0,0,0,0,0,0,0,0,0,0,1,0,0,1,0,0,1,0,0,0,0,0,0,0,0,0,1,0,1,0,1,0,0,1,0,0,0,0,0,0,0,0,0,0,1,0,0,0,0,0,0,0,0,0,1,0,1,0,0,1,0,0,1,0,0,1,0,0,0,0,0,0,0,0,0,0,0
"Town Mill Pond","7/30/2009","2009","Guilford",41.29348,72.69152,"CT","CAES","Y",1.17,1.468,2,"Y",0.0472,0.0472,0.0472,0.0472,0,0,1,0,0,0,1,0,0,0,12,2,10,0.0425,6.35,124.5,45.9,2,0,0,0,0,0,0,0,0,1,0,0,0,0,0,0,0,0,0,0,0,1,0,0,0,0,0,0,0,0,0,0,0,0,0,0,0,0,0,0,0,0,0,0,0,0,0,0,0,0,0,0,0,0,0,0,0,1,1,0,0,0,1,0,0,0,0,1,0,1,0,0,0,0,0,0,0,0,0,0,0,0,0,0,0,0,0,0,1,0,0,0,0,0,0,0,1,0,0,0,0,1,0,0,0,0,0,0,0,0,0,0,0,0,0,0,0,0
"Twin Lake, North","combined","comb","Simsbury",41.82003,72.82271,"CT","CAES","Y",5.42,2.316,2,"Y",0.0714,0.1013,0.1013,0.0416,0,0,0,0,0,0,1,0,0,0,16,1,15,0.0421,7.1,250.75,46.5,1.5,0,0,0,0,0,0,0,0,1,0,0,0,0,1,0,0,1,0,0,0,1,0,0,0,0,0,0,0,0,0,0,0,0,0,0,0,1,0,0,0,0,0,0,0,0,0,0,0,0,1,1,0,0,1,0,0,0,0,0,0,0,0,0,0,0,0,1,0,0,0,1,0,1,0,0,0,0,0,0,0,0,0,1,0,1,0,0,0,0,0,0,0,1,0,0,0,0,0,1,0,0,0,0,0,0,0,0,0,0,0,0,0,0,0,0,0,0
"Twin Lake, South","7/5/2012","2012","Simsbury",41.81764,72.82342,"CT","CAES","N",6.6,1.197,3.5,"Y",0.0401,0.0401,0.0401,0.0401,0,0,0,0,0,0,1,0,0,0,10,1,9,0.0218,7.5,313.5,62.25,2,0,0,1,0,0,0,0,0,1,0,0,0,0,0,0,0,0,0,0,0,1,0,0,0,0,0,0,0,0,0,0,0,0,0,0,0,0,0,0,0,0,0,0,0,0,0,0,0,0,1,1,0,0,0,0,0,0,0,0,0,0,1,0,0,0,0,1,0,0,0,0,0,1,0,0,0,0,0,0,0,0,0,1,0,0,0,0,0,0,0,0,0,0,0,0,0,0,0,0,0,0,0,0,0,0,0,0,0,0,0,0,0,0,0,0,0,0
"Tyler Lake","combined","comb","Goshen",41.83768,73.26142,"CT","CAES","Y",75.68,1.746,7,"N",0,0,0,0,0,0,0,0,0,0,0,0,0,0,30,0,30,0.1033,6.63,114.58,39.19,2.3,1,0,0,0,0,0,0,0,1,0,0,0,0,1,0,0,0,0,0,1,0,0,0,0,0,0,1,0,0,0,0,0,0,0,0,0,0,0,0,0,0,0,0,0,0,0,0,0,0,1,1,0,1,0,0,0,1,1,0,0,0,0,0,0,0,0,1,0,1,0,0,0,0,1,0,1,0,0,1,0,0,0,1,0,1,1,0,1,1,1,0,1,1,0,0,0,1,0,0,0,0,0,0,0,1,1,0,1,0,1,0,0,0,1,1,0,0
"Ulbrich Reservoir","7/18/2005","2005","Wallingford",41.44672,72.74408,"CT","CAES","N",62.32,1.764,7,"Y",4e-04,4e-04,4e-04,4e-04,0,0,1,0,0,0,0,0,0,0,8,1,7,0.0285,7.4,136,61.5,2.6,0,0,0,0,0,0,0,0,1,0,0,0,0,0,0,0,0,0,0,0,0,0,0,0,0,0,0,0,0,0,0,0,0,0,0,0,0,1,0,0,0,0,0,0,0,0,0,0,0,1,1,0,0,0,0,0,0,0,0,0,0,0,0,0,1,0,0,0,0,0,1,0,0,0,0,0,0,0,0,0,0,0,0,0,1,0,0,0,0,0,0,0,0,0,0,0,0,0,0,0,0,0,0,0,0,0,0,0,0,0,0,0,0,0,0,0,0
"Upper Guilford Lake","8/5/2008","2008","Guilford",41.33809,72.6815,"CT","CAES","N",5.26,2.051,2,"N",0,0,0,0,0,0,0,0,0,0,0,0,0,0,18,0,18,0.027,5.7,66.5,11.5,0.6,0,0,1,0,0,0,0,0,0,0,0,0,0,0,0,0,1,0,0,0,0,0,0,0,0,0,0,0,0,0,0,0,0,0,0,0,0,1,0,0,0,0,0,0,0,0,1,0,0,0,1,0,0,0,0,0,1,1,0,0,0,0,0,0,0,0,1,0,0,0,1,0,0,1,0,0,0,0,1,0,0,0,0,0,1,0,0,0,0,0,0,0,0,1,0,0,0,0,0,0,0,0,1,0,0,1,1,0,0,0,1,0,0,1,0,0,0
"Upper Moodus Reservoir","7/16/2012","2012","East Haddam",41.504,72.407,"CT","CAES","N",178.06,2.82,3,"Y",0.0022,0.0022,0.0022,0.0022,0,0,1,0,0,0,0,1,0,0,36,2,34,0.0697,6.55,55,9.375,1.5,1,0,1,1,1,0,0,0,1,1,0,0,0,0,0,1,1,0,0,0,1,1,0,0,1,0,1,0,0,0,0,0,0,0,0,0,1,0,0,0,0,0,0,0,1,0,0,0,0,0,1,0,0,0,0,0,1,1,0,0,0,0,0,0,0,0,1,0,1,0,1,0,1,1,0,1,0,0,0,0,0,0,0,1,1,0,0,1,0,0,0,0,1,0,0,0,1,0,0,0,0,0,0,0,0,1,0,1,0,1,1,1,0,0,1,0,0
"Wah Wah Taysee Pond","9/21/2009","2009","North Haven",41.41692,72.8846,"CT","CAES","N",0.57,1.15,2,"Y",0.0153,0.0153,0.0153,0.0153,0,0,1,0,0,0,0,0,0,0,5,1,4,0.028,7.15,132,93.05,2,0,0,0,0,0,0,0,0,0,0,0,0,0,0,0,0,1,0,0,0,1,0,0,0,0,0,0,0,0,0,0,0,0,0,0,0,0,0,0,0,0,0,0,0,0,0,0,0,0,0,0,0,0,0,0,0,0,0,0,0,0,0,0,0,0,0,1,0,0,0,0,0,0,0,0,0,0,0,0,0,0,0,0,0,1,0,0,0,0,0,0,0,0,0,0,0,0,0,0,0,0,0,0,0,0,0,0,0,0,0,0,0,0,0,0,0,0
"Wampum Hill Pond","9/9/2005","2005","Wilton",41.2301,73.41338,"CT","CAES","N",0.16,1.079,1.5,"Y",0.8822,1,1,0.7644,0,0,1,0,0,0,1,0,0,1,9,3,6,0.178,5.85,152.5,37.88,0.7,0,0,0,0,0,0,0,0,1,0,0,0,0,0,0,0,0,0,0,0,0,0,0,0,0,0,0,0,0,0,0,0,0,0,0,0,0,1,0,0,0,0,0,0,0,0,0,0,0,0,1,0,0,0,0,0,1,0,0,0,0,0,0,0,0,0,0,0,0,0,0,0,0,0,0,0,0,0,0,0,0,0,0,0,1,0,0,0,0,1,0,0,0,0,0,0,0,0,0,0,0,0,0,0,0,0,0,0,0,0,0,0,0,0,0,0,0
"Waubeeka Lake","9/28/2005","2005","Danbury",41.34991,73.45925,"CT","CAES","N",14.45,1.859,2.5,"Y",8e-04,8e-04,8e-04,8e-04,0,0,1,0,0,0,0,0,0,0,13,1,12,0.013,7.25,199,48,2.4,0,0,1,0,0,0,0,0,1,0,0,0,0,0,0,0,0,1,0,1,0,0,0,0,0,0,0,0,0,0,0,0,0,0,0,0,0,0,0,0,0,0,0,0,0,0,0,0,0,1,0,0,0,1,0,0,1,1,0,0,0,0,0,0,0,0,0,0,1,0,0,0,1,0,0,0,0,0,0,0,0,0,0,0,0,0,0,0,0,0,0,0,0,0,0,0,0,0,0,0,0,0,0,0,0,1,0,0,0,0,0,0,0,0,0,0,1
"West Hill Pond","combined","comb","New Hartford",41.87794,73.04411,"CT","CAES","Y",99.15,1.424,13,"N",0,0,0,0,0,0,0,0,0,0,0,0,0,0,25,0,25,0.0108,6.975,54.5,19.7125,8.4,0,0,0,0,1,0,0,0,0,0,1,0,0,1,0,0,0,1,0,0,1,0,0,0,0,0,1,0,0,0,0,0,0,0,1,1,0,1,0,0,0,0,0,0,0,0,0,1,0,0,1,0,0,0,1,0,1,1,0,0,0,0,0,0,0,0,1,0,1,0,1,0,1,1,0,0,0,0,0,0,0,0,0,0,1,0,0,1,1,0,0,0,1,0,0,0,0,0,0,0,0,0,0,0,0,0,0,0,0,0,0,1,0,0,1,0,0
"West Lake","combined","comb","Guilford",41.33899,72.7341,"CT","CAES","Y",21.12,1.487,5,"N",0,0,0,0,0,0,0,0,0,0,0,0,0,0,29,0,29,0.0502,7.075,236,69.2,2.5,0,0,1,0,0,0,0,0,1,1,0,1,0,1,0,0,1,0,0,0,0,1,0,0,0,0,0,0,0,1,0,0,0,0,0,0,1,0,0,0,0,0,0,0,0,0,1,0,0,0,0,0,1,1,0,0,1,1,0,0,1,0,0,0,1,0,1,0,1,0,1,0,0,0,1,0,0,0,0,0,0,0,1,0,1,0,0,1,0,0,0,0,1,0,0,0,0,0,0,0,0,1,0,0,0,1,0,0,0,0,1,0,0,1,1,0,0
"West Side Pond","combined","comb","Goshen",41.85519,73.2565,"CT","CAES","Y",16.96,1.206,9,"N",0,0,0,0,0,0,0,0,0,0,0,0,0,0,27,0,27,0.2151,6.7,134.25,54.575,3.95,0,0,1,0,0,0,0,0,1,0,0,0,0,0,0,0,1,0,0,1,1,1,0,0,0,0,0,0,0,0,0,0,0,0,0,0,0,0,0,0,0,0,1,0,1,0,0,0,0,1,1,0,0,0,0,0,1,1,0,0,1,0,0,0,0,0,1,0,1,0,1,0,0,1,0,1,0,0,1,0,0,0,0,0,1,1,1,1,0,1,0,0,1,0,0,0,0,0,0,0,0,0,0,0,0,0,0,0,0,0,1,0,0,0,1,0,0
"Williams Brook (Highland Lake) ","9/2/2005","2005","Ledyard",41.43822,71.96957,"CT","CAES","N",3.2,1.36,2,"Y",9e-04,9e-04,9e-04,9e-04,0,0,1,0,0,0,0,0,0,0,10,1,9,0.074,6,97.5,13.5,1.5,0,0,1,0,0,0,0,0,0,0,0,0,0,0,0,0,0,1,0,0,0,0,0,0,0,0,0,0,0,0,0,0,0,0,0,0,0,0,0,0,0,0,0,0,0,0,0,0,0,0,1,0,0,0,0,0,1,1,0,0,0,0,0,0,0,0,1,0,0,0,1,0,0,1,0,0,0,0,0,0,0,0,0,1,0,0,0,0,0,0,0,0,0,0,0,0,0,0,0,0,0,0,0,0,0,0,0,0,0,0,0,0,0,0,0,0,0
"Williams Pond","6/23/2009","2009","Lebanon",41.63494,72.3087,"CT","CAES","N",101.17,2.211,2.3,"N",0,0,0,0,0,0,0,0,0,0,0,0,0,0,18,0,18,0.0135,6.9,56,12,2.3,0,0,1,0,0,0,0,0,0,0,0,0,0,1,0,0,1,0,0,0,0,1,0,0,0,0,1,0,0,0,0,0,0,0,0,0,0,1,0,0,0,0,0,0,1,0,0,0,0,0,0,0,1,0,0,0,1,1,0,0,0,0,0,0,0,0,0,0,0,0,1,0,0,1,0,0,0,0,0,0,0,0,0,1,0,0,0,1,0,0,0,0,0,0,0,0,0,0,0,0,0,0,0,0,0,1,0,0,0,0,1,0,0,1,1,0,0
"Winchester Lake","9/5/2007","2007","Winchester",41.90873,73.15069,"CT","CAES","N",99.55,2.388,5.182,"N",0,0,0,0,0,0,0,0,0,0,0,0,0,0,21,0,21,0.0035,6.85,34,4.15,3,0,0,1,0,0,0,0,0,0,0,0,0,0,0,0,1,1,0,0,1,0,1,0,0,1,0,0,0,0,0,0,0,0,1,0,0,0,0,0,0,0,0,0,0,0,0,1,0,0,0,0,0,0,0,0,0,1,1,0,0,0,0,0,0,0,0,1,0,1,0,1,0,0,1,0,0,0,0,1,0,0,0,0,1,0,0,0,0,0,0,0,0,0,0,0,0,1,0,0,0,0,0,0,0,0,0,0,0,0,0,1,1,0,1,1,0,0
"Winnemaug Lake","9/6/2005","2005","Watertown",41.58372,73.12765,"CT","CAES","N",45.69,1.965,5,"N",0,0,0,0,0,0,0,0,0,0,0,0,0,0,8,0,8,0.0305,6.35,228,22.5,1.1,0,0,0,0,0,0,0,0,0,0,1,0,0,0,0,1,1,0,0,0,0,0,0,0,0,0,0,0,0,0,0,0,0,0,0,0,0,0,0,0,0,0,0,0,0,0,0,0,0,0,1,0,0,1,0,0,0,0,0,0,0,0,0,0,0,0,0,0,0,0,1,0,0,0,0,0,0,0,0,0,0,0,0,0,0,0,0,0,0,0,0,0,1,0,0,0,0,0,0,0,0,0,0,0,0,0,0,0,0,0,0,0,0,0,1,0,0
"Wintergreen Lake","9/20/2010","2010","Hamden",41.35391,72.96891,"CT","CAES","Y",17.97,1.751,8,"N",0,0,0,0,0,0,0,0,0,0,0,0,0,0,15,0,15,0.0377,6.2,38.2,9,2.5,0,0,1,0,0,0,0,0,1,0,0,0,0,1,0,0,1,0,0,1,1,1,0,0,0,0,0,0,0,0,0,0,0,0,0,0,0,1,0,0,0,0,0,0,0,0,0,0,0,0,1,0,0,0,0,0,0,1,0,0,0,0,0,0,0,0,1,0,0,0,1,0,0,1,1,0,0,0,0,0,0,0,0,0,0,0,0,0,0,0,0,0,0,0,0,0,0,0,0,0,0,0,0,0,0,0,0,0,0,0,1,0,0,0,0,0,0
"Woodridge Lake","6/8/2010","2010","West Hartford",41.73685,72.76538,"CT","CAES","N",24.28,2.003,2,"N",0,0,0,0,0,0,0,0,0,0,0,0,0,0,3,0,3,0.0361,7.95,413.5,69.4,2,0,0,0,0,0,0,0,0,0,0,1,0,0,0,0,0,0,0,0,0,0,0,0,0,0,0,0,0,0,0,0,0,0,0,0,0,0,0,0,0,0,0,0,0,0,0,0,0,0,0,0,0,0,0,0,0,0,0,0,0,0,0,0,0,0,0,0,0,0,0,0,0,1,0,0,0,0,0,0,0,0,0,0,0,1,0,0,0,0,0,0,0,0,0,0,0,0,0,0,0,0,0,0,0,0,0,0,0,0,0,0,0,0,0,0,0,0
"Wyassup Lake","6/26/2013","2013","North Stonington",41.49105,71.87221,"CT","CAES","N",40.8,1.421,8,"N",0,0,0,0,0,0,0,0,0,0,0,0,0,0,19,0,19,0.0358,6.25,56,15.8,2.2,0,0,0,0,1,0,0,0,0,0,0,0,0,1,0,0,1,0,0,0,0,1,0,0,1,0,0,0,0,0,0,0,0,0,0,0,1,0,0,0,0,0,0,0,1,0,0,0,0,0,1,0,1,0,0,0,1,1,0,0,0,0,0,0,0,0,0,0,0,0,1,0,0,0,0,0,0,0,0,0,0,0,0,0,1,0,0,1,0,0,0,0,1,0,0,0,0,0,0,0,0,0,0,0,0,1,0,1,0,0,1,0,0,0,1,0,0
"Young's Pond","7/1/2009","2009","Branford ",41.27087,72.77647,"CT","CAES","Y",1.7,1.461,1,"Y",0.9377,1,1,0.8755,0,0,1,0,0,0,1,1,0,0,8,3,5,0.0725,6.75,181,73.9,0.3,0,0,0,1,0,0,0,0,1,0,0,0,0,0,0,0,0,0,0,0,0,0,0,0,0,0,0,0,0,0,0,0,0,0,0,0,0,0,0,0,0,0,0,0,0,0,0,0,0,0,0,0,0,0,0,0,0,1,0,0,0,0,0,0,0,0,0,0,0,0,0,0,0,0,0,0,0,0,0,0,0,0,0,1,0,0,0,0,0,0,0,0,0,0,0,0,0,0,0,0,0,0,0,0,0,1,0,0,0,0,0,0,0,0,0,0,0
